{
    "results": {
        "tool": {
            "name": "pytest",
            "version": "8.4.1"
        },
        "summary": {
            "tests": 1,
            "passed": 1,
            "failed": 0,
            "skipped": 0,
            "pending": 0,
            "other": 0,
            "start": 1783260964.1807714,
            "stop": 1783260964.2312112
        },
        "tests": [
            {
                "name": "test_outputs.py::test_primers",
                "status": "passed",
                "duration": 0.002108586999383988,
                "start": 1783260964.2263627,
                "stop": 1783260964.2308624,
                "retries": 0,
                "file_path": "test_outputs.py"
            }
        ]
    }
}