{
    "results": {
        "tool": {
            "name": "pytest",
            "version": "8.4.1"
        },
        "summary": {
            "tests": 1,
            "passed": 1,
            "failed": 0,
            "skipped": 0,
            "pending": 0,
            "other": 0,
            "start": 1783263666.6402218,
            "stop": 1783263666.686522
        },
        "tests": [
            {
                "name": "test_outputs.py::test_json_data",
                "status": "passed",
                "duration": 0.00035526000010577263,
                "start": 1783263666.6845455,
                "stop": 1783263666.6861742,
                "retries": 0,
                "file_path": "test_outputs.py"
            }
        ]
    }
}