{
  "round": "cwc5",
  "runner": "mixdog",
  "opts": {
    "provider": null,
    "model": null,
    "effort": null,
    "fast": false,
    "env": {}
  },
  "tasks": 3,
  "completed": 3,
  "completion_rate": 100,
  "sessions": [
    "sess_9696_1782932036702_1782932038116_e9736f378d695e74383c7c6864d4feb0",
    "sess_43748_1782932097903_1782932099288_29b7218d7b2482356ffffc4e88ecb98f",
    "sess_54588_1782932155948_1782932157304_9192aa8906397c4c72401725ad22b346"
  ],
  "results": [
    {
      "id": "cwc-hookflow",
      "agent": "worker",
      "ok": true,
      "ms": 60925,
      "sessionId": "sess_9696_1782932036702_1782932038116_e9736f378d695e74383c7c6864d4feb0",
      "card": {
        "session": "sess_9696_1782932036702_1782932038116_e9736f378d695e74383c7c6864d4feb0",
        "provider": "grok-oauth",
        "model": "grok-composer-2.5-fast",
        "wall_ms": 59071,
        "turns": 18,
        "tool_calls": 41,
        "tools_per_turn": 2.3,
        "total_tool_ms": 2428,
        "llm_stream_ms": 0,
        "cache_ratio": 0.91659050377775,
        "cached_tokens": 432243,
        "prompt_tokens": 471577,
        "uncached_tokens": 39334,
        "output_tokens": 3783,
        "cache_weighted_input_10": 82558.3,
        "cache_weighted_input_25": 147394.75,
        "prompt_growth": 22648,
        "antipatterns": 2,
        "issues": 2,
        "issue_types": [
          "read_fragmentation",
          "grep_sweep"
        ],
        "read_fragmentation_paths": [
          "src/standalone/hook-bus.mjs"
        ],
        "grep_sweep_count": 1
      }
    },
    {
      "id": "cwc-cacheusage",
      "agent": "worker",
      "ok": true,
      "ms": 57808,
      "sessionId": "sess_43748_1782932097903_1782932099288_29b7218d7b2482356ffffc4e88ecb98f",
      "card": {
        "session": "sess_43748_1782932097903_1782932099288_29b7218d7b2482356ffffc4e88ecb98f",
        "provider": "grok-oauth",
        "model": "grok-composer-2.5-fast",
        "wall_ms": 56004,
        "turns": 16,
        "tool_calls": 31,
        "tools_per_turn": 1.9,
        "total_tool_ms": 3032,
        "llm_stream_ms": 0,
        "cache_ratio": 0.8311885176390773,
        "cached_tokens": 313644,
        "prompt_tokens": 377344,
        "uncached_tokens": 63700,
        "output_tokens": 3407,
        "cache_weighted_input_10": 95064.4,
        "cache_weighted_input_25": 142111,
        "prompt_growth": 19518,
        "antipatterns": 2,
        "issues": 3,
        "issue_types": [
          "grep_sweep",
          "missed_parallelism",
          "tool_churn_cluster"
        ],
        "read_fragmentation_paths": [],
        "grep_sweep_count": 1
      }
    },
    {
      "id": "cwc-compacttrigger",
      "agent": "worker",
      "ok": true,
      "ms": 35692,
      "sessionId": "sess_54588_1782932155948_1782932157304_9192aa8906397c4c72401725ad22b346",
      "card": {
        "session": "sess_54588_1782932155948_1782932157304_9192aa8906397c4c72401725ad22b346",
        "provider": "grok-oauth",
        "model": "grok-composer-2.5-fast",
        "wall_ms": 33680,
        "turns": 11,
        "tool_calls": 23,
        "tools_per_turn": 2.1,
        "total_tool_ms": 1274,
        "llm_stream_ms": 0,
        "cache_ratio": 0.8455624891141795,
        "cached_tokens": 140787,
        "prompt_tokens": 166501,
        "uncached_tokens": 25714,
        "output_tokens": 3076,
        "cache_weighted_input_10": 39792.7,
        "cache_weighted_input_25": 60910.75,
        "prompt_growth": -4727,
        "antipatterns": 0,
        "issues": 0,
        "issue_types": [],
        "read_fragmentation_paths": [],
        "grep_sweep_count": 0
      }
    }
  ],
  "task_complete": true,
  "task_errors": [],
  "score_complete": true,
  "score_errors": [],
  "group": {
    "n": 3,
    "wall_ms": 49585,
    "turns": 15,
    "tool_calls": 31.7,
    "tools_per_turn": 2.1,
    "total_tool_ms": 2244.7,
    "llm_stream_ms": 0,
    "cache_ratio": 0.9,
    "cached_tokens": 295558,
    "prompt_tokens": 338474,
    "uncached_tokens": 42916,
    "output_tokens": 3422,
    "cache_weighted_input_10": 72471.8,
    "cache_weighted_input_25": 116805.5,
    "prompt_growth": 12479.7,
    "antipatterns": 1.3,
    "issues": 1.7,
    "grep_sweep_count": 0.7
  },
  "cards": [
    {
      "session": "sess_9696_1782932036702_1782932038116_e9736f378d695e74383c7c6864d4feb0",
      "provider": "grok-oauth",
      "model": "grok-composer-2.5-fast",
      "wall_ms": 59071,
      "turns": 18,
      "tool_calls": 41,
      "tools_per_turn": 2.3,
      "total_tool_ms": 2428,
      "llm_stream_ms": 0,
      "cache_ratio": 0.91659050377775,
      "cached_tokens": 432243,
      "prompt_tokens": 471577,
      "uncached_tokens": 39334,
      "output_tokens": 3783,
      "cache_weighted_input_10": 82558.3,
      "cache_weighted_input_25": 147394.75,
      "prompt_growth": 22648,
      "antipatterns": 2,
      "issues": 2,
      "issue_types": [
        "read_fragmentation",
        "grep_sweep"
      ],
      "read_fragmentation_paths": [
        "src/standalone/hook-bus.mjs"
      ],
      "grep_sweep_count": 1
    },
    {
      "session": "sess_43748_1782932097903_1782932099288_29b7218d7b2482356ffffc4e88ecb98f",
      "provider": "grok-oauth",
      "model": "grok-composer-2.5-fast",
      "wall_ms": 56004,
      "turns": 16,
      "tool_calls": 31,
      "tools_per_turn": 1.9,
      "total_tool_ms": 3032,
      "llm_stream_ms": 0,
      "cache_ratio": 0.8311885176390773,
      "cached_tokens": 313644,
      "prompt_tokens": 377344,
      "uncached_tokens": 63700,
      "output_tokens": 3407,
      "cache_weighted_input_10": 95064.4,
      "cache_weighted_input_25": 142111,
      "prompt_growth": 19518,
      "antipatterns": 2,
      "issues": 3,
      "issue_types": [
        "grep_sweep",
        "missed_parallelism",
        "tool_churn_cluster"
      ],
      "read_fragmentation_paths": [],
      "grep_sweep_count": 1
    },
    {
      "session": "sess_54588_1782932155948_1782932157304_9192aa8906397c4c72401725ad22b346",
      "provider": "grok-oauth",
      "model": "grok-composer-2.5-fast",
      "wall_ms": 33680,
      "turns": 11,
      "tool_calls": 23,
      "tools_per_turn": 2.1,
      "total_tool_ms": 1274,
      "llm_stream_ms": 0,
      "cache_ratio": 0.8455624891141795,
      "cached_tokens": 140787,
      "prompt_tokens": 166501,
      "uncached_tokens": 25714,
      "output_tokens": 3076,
      "cache_weighted_input_10": 39792.7,
      "cache_weighted_input_25": 60910.75,
      "prompt_growth": -4727,
      "antipatterns": 0,
      "issues": 0,
      "issue_types": [],
      "read_fragmentation_paths": [],
      "grep_sweep_count": 0
    }
  ]
}