{
  "round": "cwc5rerun-p4",
  "runner": "mixdog",
  "opts": {
    "provider": null,
    "model": null,
    "effort": null,
    "fast": false,
    "env": {}
  },
  "tasks": 3,
  "completed": 3,
  "completion_rate": 100,
  "sessions": [
    "sess_18328_1782924755952_1782924757624_aa4530703f4c029b704aa096c17e5aff",
    "sess_46924_1782924818025_1782924819496_956993c778f932905ccfc4ecfb2c3d00",
    "sess_41848_1782924911083_1782924912608_6e7ba225e58989d505f8168ac61eb10d"
  ],
  "results": [
    {
      "id": "cwc-hookflow",
      "agent": "worker",
      "ok": true,
      "ms": 62082,
      "sessionId": "sess_18328_1782924755952_1782924757624_aa4530703f4c029b704aa096c17e5aff"
    },
    {
      "id": "cwc-cacheusage",
      "agent": "worker",
      "ok": true,
      "ms": 93061,
      "sessionId": "sess_46924_1782924818025_1782924819496_956993c778f932905ccfc4ecfb2c3d00"
    },
    {
      "id": "cwc-compacttrigger",
      "agent": "worker",
      "ok": true,
      "ms": 58289,
      "sessionId": "sess_41848_1782924911083_1782924912608_6e7ba225e58989d505f8168ac61eb10d"
    }
  ],
  "group": {
    "n": 3,
    "wall_ms": 68955,
    "turns": 16,
    "tool_calls": 38.7,
    "tools_per_turn": 2.4,
    "total_tool_ms": 2457.7,
    "llm_stream_ms": 0,
    "cache_ratio": 0.7,
    "cached_tokens": 252608.3,
    "prompt_tokens": 365110.7,
    "prompt_growth": 17851.3,
    "antipatterns": 1.3,
    "issues": 1.7
  },
  "cards": [
    {
      "session": "sess_18328_1782924755952_1782924757624_aa4530703f4c029b704aa096c17e5aff",
      "wall_ms": 59683,
      "turns": 14,
      "tool_calls": 37,
      "tools_per_turn": 2.6,
      "total_tool_ms": 2239,
      "llm_stream_ms": 0,
      "cache_ratio": 0.6304483786181159,
      "cached_tokens": 154231,
      "prompt_tokens": 244637,
      "prompt_growth": 17208,
      "antipatterns": 1,
      "issues": 1,
      "issue_types": [
        "read_fragmentation"
      ],
      "read_fragmentation_paths": [
        "C:\\Project\\mixdog\\src\\standalone\\hook-bus.mjs"
      ]
    },
    {
      "session": "sess_46924_1782924818025_1782924819496_956993c778f932905ccfc4ecfb2c3d00",
      "wall_ms": 91096,
      "turns": 20,
      "tool_calls": 46,
      "tools_per_turn": 2.3,
      "total_tool_ms": 2913,
      "llm_stream_ms": 0,
      "cache_ratio": 0.6678035023283269,
      "cached_tokens": 407280,
      "prompt_tokens": 609880,
      "prompt_growth": 28687,
      "antipatterns": 2,
      "issues": 3,
      "issue_types": [
        "tool_error",
        "read_fragmentation",
        "tool_churn_cluster"
      ],
      "read_fragmentation_paths": [
        "src/runtime/agent/orchestrator/session/manager.mjs"
      ]
    },
    {
      "session": "sess_41848_1782924911083_1782924912608_6e7ba225e58989d505f8168ac61eb10d",
      "wall_ms": 56086,
      "turns": 14,
      "tool_calls": 33,
      "tools_per_turn": 2.4,
      "total_tool_ms": 2221,
      "llm_stream_ms": 0,
      "cache_ratio": 0.8152066939351784,
      "cached_tokens": 196314,
      "prompt_tokens": 240815,
      "prompt_growth": 7659,
      "antipatterns": 1,
      "issues": 1,
      "issue_types": [
        "read_fragmentation"
      ],
      "read_fragmentation_paths": [
        "C:\\Project\\mixdog\\src\\runtime\\agent\\orchestrator\\session\\context-utils.mjs"
      ]
    }
  ]
}