{
  "round": "cwc16-p3",
  "runner": "mixdog",
  "opts": {
    "provider": null,
    "model": null,
    "effort": null,
    "fast": false,
    "env": {}
  },
  "tasks": 3,
  "completed": 2,
  "completion_rate": 67,
  "sessions": [
    "sess_41692_1782928822182_1782928823720_49e789365ab25d89003712ad245e6548",
    "sess_45060_1782928872589_1782928874087_17ac4c50d865890d9490e45e1fe9aebb",
    "sess_40148_1782928961977_1782928963346_68de9f57c0638e1d73578dec32880ab8"
  ],
  "results": [
    {
      "id": "cwc-hookflow",
      "agent": "worker",
      "ok": false,
      "ms": 50251,
      "sessionId": "sess_41692_1782928822182_1782928823720_49e789365ab25d89003712ad245e6548",
      "card": {
        "session": "sess_41692_1782928822182_1782928823720_49e789365ab25d89003712ad245e6548",
        "provider": "grok-oauth",
        "model": "grok-composer-2.5-fast",
        "wall_ms": 43448,
        "turns": 12,
        "tool_calls": 26,
        "tools_per_turn": 2.2,
        "total_tool_ms": 1914,
        "llm_stream_ms": 0,
        "cache_ratio": 0.5446111593529757,
        "cached_tokens": 134843,
        "prompt_tokens": 247595,
        "uncached_tokens": 112752,
        "output_tokens": 1682,
        "cache_weighted_input_10": 126236.3,
        "cache_weighted_input_25": 146462.75,
        "prompt_growth": -10840,
        "antipatterns": 0,
        "issues": 1,
        "issue_types": [
          "tool_error"
        ],
        "read_fragmentation_paths": [],
        "grep_sweep_count": 0
      }
    },
    {
      "id": "cwc-cacheusage",
      "agent": "worker",
      "ok": true,
      "ms": 89210,
      "sessionId": "sess_45060_1782928872589_1782928874087_17ac4c50d865890d9490e45e1fe9aebb",
      "card": {
        "session": "sess_45060_1782928872589_1782928874087_17ac4c50d865890d9490e45e1fe9aebb",
        "provider": "grok-oauth",
        "model": "grok-composer-2.5-fast",
        "wall_ms": 87022,
        "turns": 22,
        "tool_calls": 50,
        "tools_per_turn": 2.3,
        "total_tool_ms": 3129,
        "llm_stream_ms": 0,
        "cache_ratio": 0.6920246963333312,
        "cached_tokens": 439599,
        "prompt_tokens": 635236,
        "uncached_tokens": 195637,
        "output_tokens": 4839,
        "cache_weighted_input_10": 239596.9,
        "cache_weighted_input_25": 305536.75,
        "prompt_growth": 24384,
        "antipatterns": 2,
        "issues": 4,
        "issue_types": [
          "tool_error",
          "grep_sweep",
          "missed_parallelism",
          "tool_churn_cluster"
        ],
        "read_fragmentation_paths": [],
        "grep_sweep_count": 1
      }
    },
    {
      "id": "cwc-compacttrigger",
      "agent": "worker",
      "ok": true,
      "ms": 63307,
      "sessionId": "sess_40148_1782928961977_1782928963346_68de9f57c0638e1d73578dec32880ab8",
      "card": {
        "session": "sess_40148_1782928961977_1782928963346_68de9f57c0638e1d73578dec32880ab8",
        "provider": "grok-oauth",
        "model": "grok-composer-2.5-fast",
        "wall_ms": 61383,
        "turns": 16,
        "tool_calls": 35,
        "tools_per_turn": 2.2,
        "total_tool_ms": 2586,
        "llm_stream_ms": 0,
        "cache_ratio": 0.6712199251051275,
        "cached_tokens": 271195,
        "prompt_tokens": 404033,
        "uncached_tokens": 132838,
        "output_tokens": 3212,
        "cache_weighted_input_10": 159957.5,
        "cache_weighted_input_25": 200636.75,
        "prompt_growth": -11181,
        "antipatterns": 1,
        "issues": 1,
        "issue_types": [
          "grep_sweep"
        ],
        "read_fragmentation_paths": [],
        "grep_sweep_count": 1
      }
    }
  ],
  "score_complete": true,
  "score_errors": [],
  "group": {
    "n": 3,
    "wall_ms": 63951,
    "turns": 16.7,
    "tool_calls": 37,
    "tools_per_turn": 2.2,
    "total_tool_ms": 2543,
    "llm_stream_ms": 0,
    "cache_ratio": 0.6,
    "cached_tokens": 281879,
    "prompt_tokens": 428954.7,
    "uncached_tokens": 147075.7,
    "output_tokens": 3244.3,
    "cache_weighted_input_10": 175263.6,
    "cache_weighted_input_25": 217545.4,
    "prompt_growth": 787.7,
    "antipatterns": 1,
    "issues": 2,
    "grep_sweep_count": 0.7
  },
  "cards": [
    {
      "session": "sess_41692_1782928822182_1782928823720_49e789365ab25d89003712ad245e6548",
      "provider": "grok-oauth",
      "model": "grok-composer-2.5-fast",
      "wall_ms": 43448,
      "turns": 12,
      "tool_calls": 26,
      "tools_per_turn": 2.2,
      "total_tool_ms": 1914,
      "llm_stream_ms": 0,
      "cache_ratio": 0.5446111593529757,
      "cached_tokens": 134843,
      "prompt_tokens": 247595,
      "uncached_tokens": 112752,
      "output_tokens": 1682,
      "cache_weighted_input_10": 126236.3,
      "cache_weighted_input_25": 146462.75,
      "prompt_growth": -10840,
      "antipatterns": 0,
      "issues": 1,
      "issue_types": [
        "tool_error"
      ],
      "read_fragmentation_paths": [],
      "grep_sweep_count": 0
    },
    {
      "session": "sess_45060_1782928872589_1782928874087_17ac4c50d865890d9490e45e1fe9aebb",
      "provider": "grok-oauth",
      "model": "grok-composer-2.5-fast",
      "wall_ms": 87022,
      "turns": 22,
      "tool_calls": 50,
      "tools_per_turn": 2.3,
      "total_tool_ms": 3129,
      "llm_stream_ms": 0,
      "cache_ratio": 0.6920246963333312,
      "cached_tokens": 439599,
      "prompt_tokens": 635236,
      "uncached_tokens": 195637,
      "output_tokens": 4839,
      "cache_weighted_input_10": 239596.9,
      "cache_weighted_input_25": 305536.75,
      "prompt_growth": 24384,
      "antipatterns": 2,
      "issues": 4,
      "issue_types": [
        "tool_error",
        "grep_sweep",
        "missed_parallelism",
        "tool_churn_cluster"
      ],
      "read_fragmentation_paths": [],
      "grep_sweep_count": 1
    },
    {
      "session": "sess_40148_1782928961977_1782928963346_68de9f57c0638e1d73578dec32880ab8",
      "provider": "grok-oauth",
      "model": "grok-composer-2.5-fast",
      "wall_ms": 61383,
      "turns": 16,
      "tool_calls": 35,
      "tools_per_turn": 2.2,
      "total_tool_ms": 2586,
      "llm_stream_ms": 0,
      "cache_ratio": 0.6712199251051275,
      "cached_tokens": 271195,
      "prompt_tokens": 404033,
      "uncached_tokens": 132838,
      "output_tokens": 3212,
      "cache_weighted_input_10": 159957.5,
      "cache_weighted_input_25": 200636.75,
      "prompt_growth": -11181,
      "antipatterns": 1,
      "issues": 1,
      "issue_types": [
        "grep_sweep"
      ],
      "read_fragmentation_paths": [],
      "grep_sweep_count": 1
    }
  ]
}