{
  "round": "cwc17-p4",
  "runner": "mixdog",
  "opts": {
    "provider": null,
    "model": null,
    "effort": null,
    "fast": false,
    "env": {}
  },
  "tasks": 3,
  "completed": 3,
  "completion_rate": 100,
  "sessions": [
    "sess_36024_1782929266084_1782929267656_6add32ae175f908582d42fbcc9720cf2",
    "sess_47952_1782929325659_1782929327053_46e7fef620a87f8afb5a804540e4c1d2",
    "sess_8388_1782929443169_1782929444532_45d363029444d5ea11fead8e9b9de607"
  ],
  "results": [
    {
      "id": "cwc-hookflow",
      "agent": "worker",
      "ok": true,
      "ms": 59401,
      "sessionId": "sess_36024_1782929266084_1782929267656_6add32ae175f908582d42fbcc9720cf2",
      "card": {
        "session": "sess_36024_1782929266084_1782929267656_6add32ae175f908582d42fbcc9720cf2",
        "provider": "grok-oauth",
        "model": "grok-composer-2.5-fast",
        "wall_ms": 57441,
        "turns": 15,
        "tool_calls": 35,
        "tools_per_turn": 2.3,
        "total_tool_ms": 2425,
        "llm_stream_ms": 0,
        "cache_ratio": 0.40532337146859676,
        "cached_tokens": 130200,
        "prompt_tokens": 321225,
        "uncached_tokens": 191025,
        "output_tokens": 3603,
        "cache_weighted_input_10": 204045,
        "cache_weighted_input_25": 223575,
        "prompt_growth": 17161,
        "antipatterns": 2,
        "issues": 2,
        "issue_types": [
          "read_fragmentation",
          "grep_sweep"
        ],
        "read_fragmentation_paths": [
          "src/standalone/hook-bus.mjs"
        ],
        "grep_sweep_count": 1
      }
    },
    {
      "id": "cwc-cacheusage",
      "agent": "worker",
      "ok": true,
      "ms": 117338,
      "sessionId": "sess_47952_1782929325659_1782929327053_46e7fef620a87f8afb5a804540e4c1d2",
      "card": {
        "session": "sess_47952_1782929325659_1782929327053_46e7fef620a87f8afb5a804540e4c1d2",
        "provider": "grok-oauth",
        "model": "grok-composer-2.5-fast",
        "wall_ms": 115312,
        "turns": 30,
        "tool_calls": 66,
        "tools_per_turn": 2.2,
        "total_tool_ms": 4456,
        "llm_stream_ms": 0,
        "cache_ratio": 0.63446153069849,
        "cached_tokens": 754416,
        "prompt_tokens": 1189065,
        "uncached_tokens": 434649,
        "output_tokens": 5515,
        "cache_weighted_input_10": 510090.6,
        "cache_weighted_input_25": 623253,
        "prompt_growth": 25385,
        "antipatterns": 1,
        "issues": 1,
        "issue_types": [
          "grep_sweep"
        ],
        "read_fragmentation_paths": [],
        "grep_sweep_count": 1
      }
    },
    {
      "id": "cwc-compacttrigger",
      "agent": "worker",
      "ok": true,
      "ms": 46532,
      "sessionId": "sess_8388_1782929443169_1782929444532_45d363029444d5ea11fead8e9b9de607",
      "card": {
        "session": "sess_8388_1782929443169_1782929444532_45d363029444d5ea11fead8e9b9de607",
        "provider": "grok-oauth",
        "model": "grok-composer-2.5-fast",
        "wall_ms": 44442,
        "turns": 10,
        "tool_calls": 26,
        "tools_per_turn": 2.6,
        "total_tool_ms": 1454,
        "llm_stream_ms": 0,
        "cache_ratio": 0.8241800941332782,
        "cached_tokens": 131507,
        "prompt_tokens": 159561,
        "uncached_tokens": 28054,
        "output_tokens": 3056,
        "cache_weighted_input_10": 41204.7,
        "cache_weighted_input_25": 60930.75,
        "prompt_growth": 9635,
        "antipatterns": 0,
        "issues": 0,
        "issue_types": [],
        "read_fragmentation_paths": [],
        "grep_sweep_count": 0
      }
    }
  ],
  "task_complete": true,
  "task_errors": [],
  "score_complete": true,
  "score_errors": [],
  "group": {
    "n": 3,
    "wall_ms": 72398.3,
    "turns": 18.3,
    "tool_calls": 42.3,
    "tools_per_turn": 2.4,
    "total_tool_ms": 2778.3,
    "llm_stream_ms": 0,
    "cache_ratio": 0.6,
    "cached_tokens": 338707.7,
    "prompt_tokens": 556617,
    "uncached_tokens": 217909.3,
    "output_tokens": 4058,
    "cache_weighted_input_10": 251780.1,
    "cache_weighted_input_25": 302586.3,
    "prompt_growth": 17393.7,
    "antipatterns": 1,
    "issues": 1,
    "grep_sweep_count": 0.7
  },
  "cards": [
    {
      "session": "sess_36024_1782929266084_1782929267656_6add32ae175f908582d42fbcc9720cf2",
      "provider": "grok-oauth",
      "model": "grok-composer-2.5-fast",
      "wall_ms": 57441,
      "turns": 15,
      "tool_calls": 35,
      "tools_per_turn": 2.3,
      "total_tool_ms": 2425,
      "llm_stream_ms": 0,
      "cache_ratio": 0.40532337146859676,
      "cached_tokens": 130200,
      "prompt_tokens": 321225,
      "uncached_tokens": 191025,
      "output_tokens": 3603,
      "cache_weighted_input_10": 204045,
      "cache_weighted_input_25": 223575,
      "prompt_growth": 17161,
      "antipatterns": 2,
      "issues": 2,
      "issue_types": [
        "read_fragmentation",
        "grep_sweep"
      ],
      "read_fragmentation_paths": [
        "src/standalone/hook-bus.mjs"
      ],
      "grep_sweep_count": 1
    },
    {
      "session": "sess_47952_1782929325659_1782929327053_46e7fef620a87f8afb5a804540e4c1d2",
      "provider": "grok-oauth",
      "model": "grok-composer-2.5-fast",
      "wall_ms": 115312,
      "turns": 30,
      "tool_calls": 66,
      "tools_per_turn": 2.2,
      "total_tool_ms": 4456,
      "llm_stream_ms": 0,
      "cache_ratio": 0.63446153069849,
      "cached_tokens": 754416,
      "prompt_tokens": 1189065,
      "uncached_tokens": 434649,
      "output_tokens": 5515,
      "cache_weighted_input_10": 510090.6,
      "cache_weighted_input_25": 623253,
      "prompt_growth": 25385,
      "antipatterns": 1,
      "issues": 1,
      "issue_types": [
        "grep_sweep"
      ],
      "read_fragmentation_paths": [],
      "grep_sweep_count": 1
    },
    {
      "session": "sess_8388_1782929443169_1782929444532_45d363029444d5ea11fead8e9b9de607",
      "provider": "grok-oauth",
      "model": "grok-composer-2.5-fast",
      "wall_ms": 44442,
      "turns": 10,
      "tool_calls": 26,
      "tools_per_turn": 2.6,
      "total_tool_ms": 1454,
      "llm_stream_ms": 0,
      "cache_ratio": 0.8241800941332782,
      "cached_tokens": 131507,
      "prompt_tokens": 159561,
      "uncached_tokens": 28054,
      "output_tokens": 3056,
      "cache_weighted_input_10": 41204.7,
      "cache_weighted_input_25": 60930.75,
      "prompt_growth": 9635,
      "antipatterns": 0,
      "issues": 0,
      "issue_types": [],
      "read_fragmentation_paths": [],
      "grep_sweep_count": 0
    }
  ]
}