{
  "round": "cwc19-p4",
  "runner": "mixdog",
  "opts": {
    "provider": null,
    "model": null,
    "effort": null,
    "fast": false,
    "env": {}
  },
  "tasks": 3,
  "completed": 3,
  "completion_rate": 100,
  "sessions": [
    "sess_52872_1782930449807_1782930451665_0519cd2699ed3d1b99cac4a4f3263042",
    "sess_42108_1782930576412_1782930577837_69c7fdeb11cacf06033d6b619b1acf94",
    "sess_49904_1782930653904_1782930655262_0fd977d9f18e6edb3b50a6d6d71d024e"
  ],
  "results": [
    {
      "id": "cwc-hookflow",
      "agent": "worker",
      "ok": true,
      "ms": 126480,
      "sessionId": "sess_52872_1782930449807_1782930451665_0519cd2699ed3d1b99cac4a4f3263042",
      "card": {
        "session": "sess_52872_1782930449807_1782930451665_0519cd2699ed3d1b99cac4a4f3263042",
        "provider": "grok-oauth",
        "model": "grok-composer-2.5-fast",
        "wall_ms": 123839,
        "turns": 33,
        "tool_calls": 63,
        "tools_per_turn": 1.9,
        "total_tool_ms": 5607,
        "llm_stream_ms": 0,
        "cache_ratio": 0.5291182415879678,
        "cached_tokens": 644711,
        "prompt_tokens": 1218463,
        "uncached_tokens": 573752,
        "output_tokens": 4839,
        "cache_weighted_input_10": 638223.1,
        "cache_weighted_input_25": 734929.75,
        "prompt_growth": -22217,
        "antipatterns": 2,
        "issues": 3,
        "issue_types": [
          "grep_sweep",
          "missed_parallelism",
          "tool_churn_cluster"
        ],
        "read_fragmentation_paths": [],
        "grep_sweep_count": 1
      }
    },
    {
      "id": "cwc-cacheusage",
      "agent": "worker",
      "ok": true,
      "ms": 77293,
      "sessionId": "sess_42108_1782930576412_1782930577837_69c7fdeb11cacf06033d6b619b1acf94",
      "card": {
        "session": "sess_42108_1782930576412_1782930577837_69c7fdeb11cacf06033d6b619b1acf94",
        "provider": "grok-oauth",
        "model": "grok-composer-2.5-fast",
        "wall_ms": 75478,
        "turns": 17,
        "tool_calls": 49,
        "tools_per_turn": 2.9,
        "total_tool_ms": 3116,
        "llm_stream_ms": 0,
        "cache_ratio": 0.5049314335583067,
        "cached_tokens": 230276,
        "prompt_tokens": 456054,
        "uncached_tokens": 225778,
        "output_tokens": 5008,
        "cache_weighted_input_10": 248805.6,
        "cache_weighted_input_25": 283347,
        "prompt_growth": 20922,
        "antipatterns": 1,
        "issues": 2,
        "issue_types": [
          "tool_error",
          "grep_sweep"
        ],
        "read_fragmentation_paths": [],
        "grep_sweep_count": 1
      }
    },
    {
      "id": "cwc-compacttrigger",
      "agent": "worker",
      "ok": true,
      "ms": 37614,
      "sessionId": "sess_49904_1782930653904_1782930655262_0fd977d9f18e6edb3b50a6d6d71d024e",
      "card": {
        "session": "sess_49904_1782930653904_1782930655262_0fd977d9f18e6edb3b50a6d6d71d024e",
        "provider": "grok-oauth",
        "model": "grok-composer-2.5-fast",
        "wall_ms": 35810,
        "turns": 12,
        "tool_calls": 29,
        "tools_per_turn": 2.4,
        "total_tool_ms": 1411,
        "llm_stream_ms": 0,
        "cache_ratio": 0.8732068529377947,
        "cached_tokens": 189857,
        "prompt_tokens": 217425,
        "uncached_tokens": 27568,
        "output_tokens": 2996,
        "cache_weighted_input_10": 46553.7,
        "cache_weighted_input_25": 75032.25,
        "prompt_growth": 8436,
        "antipatterns": 1,
        "issues": 1,
        "issue_types": [
          "read_fragmentation"
        ],
        "read_fragmentation_paths": [
          "src/runtime/agent/orchestrator/session/context-utils.mjs"
        ],
        "grep_sweep_count": 0
      }
    }
  ],
  "task_complete": true,
  "task_errors": [],
  "score_complete": true,
  "score_errors": [],
  "group": {
    "n": 3,
    "wall_ms": 78375.7,
    "turns": 20.7,
    "tool_calls": 47,
    "tools_per_turn": 2.4,
    "total_tool_ms": 3378,
    "llm_stream_ms": 0,
    "cache_ratio": 0.6,
    "cached_tokens": 354948,
    "prompt_tokens": 630647.3,
    "uncached_tokens": 275699.3,
    "output_tokens": 4281,
    "cache_weighted_input_10": 311194.1,
    "cache_weighted_input_25": 364436.3,
    "prompt_growth": 2380.3,
    "antipatterns": 1.3,
    "issues": 2,
    "grep_sweep_count": 0.7
  },
  "cards": [
    {
      "session": "sess_52872_1782930449807_1782930451665_0519cd2699ed3d1b99cac4a4f3263042",
      "provider": "grok-oauth",
      "model": "grok-composer-2.5-fast",
      "wall_ms": 123839,
      "turns": 33,
      "tool_calls": 63,
      "tools_per_turn": 1.9,
      "total_tool_ms": 5607,
      "llm_stream_ms": 0,
      "cache_ratio": 0.5291182415879678,
      "cached_tokens": 644711,
      "prompt_tokens": 1218463,
      "uncached_tokens": 573752,
      "output_tokens": 4839,
      "cache_weighted_input_10": 638223.1,
      "cache_weighted_input_25": 734929.75,
      "prompt_growth": -22217,
      "antipatterns": 2,
      "issues": 3,
      "issue_types": [
        "grep_sweep",
        "missed_parallelism",
        "tool_churn_cluster"
      ],
      "read_fragmentation_paths": [],
      "grep_sweep_count": 1
    },
    {
      "session": "sess_42108_1782930576412_1782930577837_69c7fdeb11cacf06033d6b619b1acf94",
      "provider": "grok-oauth",
      "model": "grok-composer-2.5-fast",
      "wall_ms": 75478,
      "turns": 17,
      "tool_calls": 49,
      "tools_per_turn": 2.9,
      "total_tool_ms": 3116,
      "llm_stream_ms": 0,
      "cache_ratio": 0.5049314335583067,
      "cached_tokens": 230276,
      "prompt_tokens": 456054,
      "uncached_tokens": 225778,
      "output_tokens": 5008,
      "cache_weighted_input_10": 248805.6,
      "cache_weighted_input_25": 283347,
      "prompt_growth": 20922,
      "antipatterns": 1,
      "issues": 2,
      "issue_types": [
        "tool_error",
        "grep_sweep"
      ],
      "read_fragmentation_paths": [],
      "grep_sweep_count": 1
    },
    {
      "session": "sess_49904_1782930653904_1782930655262_0fd977d9f18e6edb3b50a6d6d71d024e",
      "provider": "grok-oauth",
      "model": "grok-composer-2.5-fast",
      "wall_ms": 35810,
      "turns": 12,
      "tool_calls": 29,
      "tools_per_turn": 2.4,
      "total_tool_ms": 1411,
      "llm_stream_ms": 0,
      "cache_ratio": 0.8732068529377947,
      "cached_tokens": 189857,
      "prompt_tokens": 217425,
      "uncached_tokens": 27568,
      "output_tokens": 2996,
      "cache_weighted_input_10": 46553.7,
      "cache_weighted_input_25": 75032.25,
      "prompt_growth": 8436,
      "antipatterns": 1,
      "issues": 1,
      "issue_types": [
        "read_fragmentation"
      ],
      "read_fragmentation_paths": [
        "src/runtime/agent/orchestrator/session/context-utils.mjs"
      ],
      "grep_sweep_count": 0
    }
  ]
}