{
  "round": "cwc8-p3",
  "runner": "mixdog",
  "opts": {
    "provider": null,
    "model": null,
    "effort": null,
    "fast": false,
    "env": {}
  },
  "tasks": 3,
  "completed": 3,
  "completion_rate": 100,
  "sessions": [
    "sess_52416_1782924359526_1782924361174_d0048428e3371bfa120859c3d41cf96e",
    "sess_8792_1782924410754_1782924412249_75e5003bc1d7310322fb2d7552187e64",
    "sess_19256_1782924550556_1782924552015_1e762a32338043d55220801f2a68d454"
  ],
  "results": [
    {
      "id": "cwc-hookflow",
      "agent": "worker",
      "ok": true,
      "ms": 51240,
      "sessionId": "sess_52416_1782924359526_1782924361174_d0048428e3371bfa120859c3d41cf96e"
    },
    {
      "id": "cwc-cacheusage",
      "agent": "worker",
      "ok": true,
      "ms": 139806,
      "sessionId": "sess_8792_1782924410754_1782924412249_75e5003bc1d7310322fb2d7552187e64"
    },
    {
      "id": "cwc-compacttrigger",
      "agent": "worker",
      "ok": true,
      "ms": 52616,
      "sessionId": "sess_19256_1782924550556_1782924552015_1e762a32338043d55220801f2a68d454"
    }
  ],
  "group": {
    "n": 3,
    "wall_ms": 79058.3,
    "turns": 19.7,
    "tool_calls": 45.7,
    "tools_per_turn": 2.4,
    "total_tool_ms": 2821.7,
    "llm_stream_ms": 0,
    "cache_ratio": 0.7,
    "cached_tokens": 400287.3,
    "prompt_tokens": 577707.3,
    "prompt_growth": 16365,
    "antipatterns": 1.3,
    "issues": 1.3
  },
  "cards": [
    {
      "session": "sess_52416_1782924359526_1782924361174_d0048428e3371bfa120859c3d41cf96e",
      "wall_ms": 48960,
      "turns": 12,
      "tool_calls": 32,
      "tools_per_turn": 2.7,
      "total_tool_ms": 1669,
      "llm_stream_ms": 0,
      "cache_ratio": 0.5048611399777381,
      "cached_tokens": 109309,
      "prompt_tokens": 216513,
      "prompt_growth": 8334,
      "antipatterns": 1,
      "issues": 1,
      "issue_types": [
        "read_fragmentation"
      ],
      "read_fragmentation_paths": [
        "C:\\Project\\mixdog\\src\\standalone\\hook-bus.mjs"
      ]
    },
    {
      "session": "sess_8792_1782924410754_1782924412249_75e5003bc1d7310322fb2d7552187e64",
      "wall_ms": 137601,
      "turns": 34,
      "tool_calls": 72,
      "tools_per_turn": 2.1,
      "total_tool_ms": 5119,
      "llm_stream_ms": 0,
      "cache_ratio": 0.6913051303721789,
      "cached_tokens": 883405,
      "prompt_tokens": 1277880,
      "prompt_growth": 24439,
      "antipatterns": 3,
      "issues": 3,
      "issue_types": [
        "duplicate_tool",
        "read_fragmentation",
        "tool_churn_cluster"
      ],
      "read_fragmentation_paths": [
        "C:\\Project\\mixdog\\src\\runtime\\agent\\orchestrator\\agent-trace.mjs"
      ]
    },
    {
      "session": "sess_19256_1782924550556_1782924552015_1e762a32338043d55220801f2a68d454",
      "wall_ms": 50614,
      "turns": 13,
      "tool_calls": 33,
      "tools_per_turn": 2.5,
      "total_tool_ms": 1677,
      "llm_stream_ms": 0,
      "cache_ratio": 0.871900774518387,
      "cached_tokens": 208148,
      "prompt_tokens": 238729,
      "prompt_growth": 16322,
      "antipatterns": 0,
      "issues": 0,
      "issue_types": [],
      "read_fragmentation_paths": []
    }
  ]
}