{
  "round": "cwc17-p1",
  "runner": "mixdog",
  "opts": {
    "provider": null,
    "model": null,
    "effort": null,
    "fast": false,
    "env": {}
  },
  "tasks": 3,
  "completed": 3,
  "completion_rate": 100,
  "sessions": [
    "sess_45396_1782929265687_1782929267289_38e6b3a6ade2cfb8ba6a4d14e1df6bfd",
    "sess_51552_1782929357614_1782929359100_a3f7b3f11513b079a1a7227cc9b7a4e8",
    "sess_33424_1782929475613_1782929477036_836446026ad9733418aac05f47be67eb"
  ],
  "results": [
    {
      "id": "cwc-hookflow",
      "agent": "worker",
      "ok": true,
      "ms": 91756,
      "sessionId": "sess_45396_1782929265687_1782929267289_38e6b3a6ade2cfb8ba6a4d14e1df6bfd",
      "card": {
        "session": "sess_45396_1782929265687_1782929267289_38e6b3a6ade2cfb8ba6a4d14e1df6bfd",
        "provider": "grok-oauth",
        "model": "grok-composer-2.5-fast",
        "wall_ms": 89688,
        "turns": 24,
        "tool_calls": 56,
        "tools_per_turn": 2.3,
        "total_tool_ms": 3028,
        "llm_stream_ms": 0,
        "cache_ratio": 0.49104898400240493,
        "cached_tokens": 302194,
        "prompt_tokens": 615405,
        "uncached_tokens": 313211,
        "output_tokens": 4767,
        "cache_weighted_input_10": 343430.4,
        "cache_weighted_input_25": 388759.5,
        "prompt_growth": 19290,
        "antipatterns": 2,
        "issues": 2,
        "issue_types": [
          "grep_sweep",
          "tool_churn_cluster"
        ],
        "read_fragmentation_paths": [],
        "grep_sweep_count": 1
      }
    },
    {
      "id": "cwc-cacheusage",
      "agent": "worker",
      "ok": true,
      "ms": 117794,
      "sessionId": "sess_51552_1782929357614_1782929359100_a3f7b3f11513b079a1a7227cc9b7a4e8",
      "card": {
        "session": "sess_51552_1782929357614_1782929359100_a3f7b3f11513b079a1a7227cc9b7a4e8",
        "provider": "grok-oauth",
        "model": "grok-composer-2.5-fast",
        "wall_ms": 115762,
        "turns": 26,
        "tool_calls": 63,
        "tools_per_turn": 2.4,
        "total_tool_ms": 4234,
        "llm_stream_ms": 0,
        "cache_ratio": 0.6931585083305049,
        "cached_tokens": 563646,
        "prompt_tokens": 813156,
        "uncached_tokens": 249510,
        "output_tokens": 5385,
        "cache_weighted_input_10": 305874.6,
        "cache_weighted_input_25": 390421.5,
        "prompt_growth": 33089,
        "antipatterns": 3,
        "issues": 3,
        "issue_types": [
          "duplicate_tool",
          "read_fragmentation",
          "grep_sweep"
        ],
        "read_fragmentation_paths": [
          "C:\\Project\\mixdog\\src\\runtime\\agent\\orchestrator\\agent-trace.mjs"
        ],
        "grep_sweep_count": 1
      }
    },
    {
      "id": "cwc-compacttrigger",
      "agent": "worker",
      "ok": true,
      "ms": 50117,
      "sessionId": "sess_33424_1782929475613_1782929477036_836446026ad9733418aac05f47be67eb",
      "card": {
        "session": "sess_33424_1782929475613_1782929477036_836446026ad9733418aac05f47be67eb",
        "provider": "grok-oauth",
        "model": "grok-composer-2.5-fast",
        "wall_ms": 48297,
        "turns": 15,
        "tool_calls": 31,
        "tools_per_turn": 2.1,
        "total_tool_ms": 2100,
        "llm_stream_ms": 0,
        "cache_ratio": 0.9008271341622015,
        "cached_tokens": 259749,
        "prompt_tokens": 288345,
        "uncached_tokens": 28596,
        "output_tokens": 3283,
        "cache_weighted_input_10": 54570.9,
        "cache_weighted_input_25": 93533.25,
        "prompt_growth": 8316,
        "antipatterns": 0,
        "issues": 0,
        "issue_types": [],
        "read_fragmentation_paths": [],
        "grep_sweep_count": 0
      }
    }
  ],
  "task_complete": true,
  "task_errors": [],
  "score_complete": true,
  "score_errors": [],
  "group": {
    "n": 3,
    "wall_ms": 84582.3,
    "turns": 21.7,
    "tool_calls": 50,
    "tools_per_turn": 2.3,
    "total_tool_ms": 3120.7,
    "llm_stream_ms": 0,
    "cache_ratio": 0.7,
    "cached_tokens": 375196.3,
    "prompt_tokens": 572302,
    "uncached_tokens": 197105.7,
    "output_tokens": 4478.3,
    "cache_weighted_input_10": 234625.3,
    "cache_weighted_input_25": 290904.8,
    "prompt_growth": 20231.7,
    "antipatterns": 1.7,
    "issues": 1.7,
    "grep_sweep_count": 0.7
  },
  "cards": [
    {
      "session": "sess_45396_1782929265687_1782929267289_38e6b3a6ade2cfb8ba6a4d14e1df6bfd",
      "provider": "grok-oauth",
      "model": "grok-composer-2.5-fast",
      "wall_ms": 89688,
      "turns": 24,
      "tool_calls": 56,
      "tools_per_turn": 2.3,
      "total_tool_ms": 3028,
      "llm_stream_ms": 0,
      "cache_ratio": 0.49104898400240493,
      "cached_tokens": 302194,
      "prompt_tokens": 615405,
      "uncached_tokens": 313211,
      "output_tokens": 4767,
      "cache_weighted_input_10": 343430.4,
      "cache_weighted_input_25": 388759.5,
      "prompt_growth": 19290,
      "antipatterns": 2,
      "issues": 2,
      "issue_types": [
        "grep_sweep",
        "tool_churn_cluster"
      ],
      "read_fragmentation_paths": [],
      "grep_sweep_count": 1
    },
    {
      "session": "sess_51552_1782929357614_1782929359100_a3f7b3f11513b079a1a7227cc9b7a4e8",
      "provider": "grok-oauth",
      "model": "grok-composer-2.5-fast",
      "wall_ms": 115762,
      "turns": 26,
      "tool_calls": 63,
      "tools_per_turn": 2.4,
      "total_tool_ms": 4234,
      "llm_stream_ms": 0,
      "cache_ratio": 0.6931585083305049,
      "cached_tokens": 563646,
      "prompt_tokens": 813156,
      "uncached_tokens": 249510,
      "output_tokens": 5385,
      "cache_weighted_input_10": 305874.6,
      "cache_weighted_input_25": 390421.5,
      "prompt_growth": 33089,
      "antipatterns": 3,
      "issues": 3,
      "issue_types": [
        "duplicate_tool",
        "read_fragmentation",
        "grep_sweep"
      ],
      "read_fragmentation_paths": [
        "C:\\Project\\mixdog\\src\\runtime\\agent\\orchestrator\\agent-trace.mjs"
      ],
      "grep_sweep_count": 1
    },
    {
      "session": "sess_33424_1782929475613_1782929477036_836446026ad9733418aac05f47be67eb",
      "provider": "grok-oauth",
      "model": "grok-composer-2.5-fast",
      "wall_ms": 48297,
      "turns": 15,
      "tool_calls": 31,
      "tools_per_turn": 2.1,
      "total_tool_ms": 2100,
      "llm_stream_ms": 0,
      "cache_ratio": 0.9008271341622015,
      "cached_tokens": 259749,
      "prompt_tokens": 288345,
      "uncached_tokens": 28596,
      "output_tokens": 3283,
      "cache_weighted_input_10": 54570.9,
      "cache_weighted_input_25": 93533.25,
      "prompt_growth": 8316,
      "antipatterns": 0,
      "issues": 0,
      "issue_types": [],
      "read_fragmentation_paths": [],
      "grep_sweep_count": 0
    }
  ]
}