{
  "round": "cwc18-p5",
  "runner": "mixdog",
  "opts": {
    "provider": null,
    "model": null,
    "effort": null,
    "fast": false,
    "env": {}
  },
  "tasks": 3,
  "completed": 3,
  "completion_rate": 100,
  "sessions": [
    "sess_51620_1782929851976_1782929853550_d38e7257866e262c59e92e4a871cc875",
    "sess_47992_1782929898370_1782929899822_cecc5df185c88da7b769c19676a90b76",
    "sess_25368_1782929959429_1782929960800_dc529d09e0e385d2e693b5115f19fe03"
  ],
  "results": [
    {
      "id": "cwc-hookflow",
      "agent": "worker",
      "ok": true,
      "ms": 46189,
      "sessionId": "sess_51620_1782929851976_1782929853550_d38e7257866e262c59e92e4a871cc875",
      "card": {
        "session": "sess_51620_1782929851976_1782929853550_d38e7257866e262c59e92e4a871cc875",
        "provider": "grok-oauth",
        "model": "grok-composer-2.5-fast",
        "wall_ms": 44305,
        "turns": 15,
        "tool_calls": 39,
        "tools_per_turn": 2.6,
        "total_tool_ms": 2946,
        "llm_stream_ms": 0,
        "cache_ratio": 0.6181231869974879,
        "cached_tokens": 171748,
        "prompt_tokens": 277854,
        "uncached_tokens": 106106,
        "output_tokens": 3370,
        "cache_weighted_input_10": 123280.8,
        "cache_weighted_input_25": 149043,
        "prompt_growth": 13605,
        "antipatterns": 1,
        "issues": 2,
        "issue_types": [
          "tool_error",
          "read_fragmentation"
        ],
        "read_fragmentation_paths": [
          "C:\\Project\\mixdog\\src\\standalone\\hook-bus.mjs"
        ],
        "grep_sweep_count": 0
      }
    },
    {
      "id": "cwc-cacheusage",
      "agent": "worker",
      "ok": true,
      "ms": 60889,
      "sessionId": "sess_47992_1782929898370_1782929899822_cecc5df185c88da7b769c19676a90b76",
      "card": {
        "session": "sess_47992_1782929898370_1782929899822_cecc5df185c88da7b769c19676a90b76",
        "provider": "grok-oauth",
        "model": "grok-composer-2.5-fast",
        "wall_ms": 58961,
        "turns": 14,
        "tool_calls": 35,
        "tools_per_turn": 2.5,
        "total_tool_ms": 2172,
        "llm_stream_ms": 0,
        "cache_ratio": 0.2503160852259424,
        "cached_tokens": 74837,
        "prompt_tokens": 298970,
        "uncached_tokens": 224133,
        "output_tokens": 3616,
        "cache_weighted_input_10": 231616.7,
        "cache_weighted_input_25": 242842.25,
        "prompt_growth": 11439,
        "antipatterns": 1,
        "issues": 1,
        "issue_types": [
          "grep_sweep"
        ],
        "read_fragmentation_paths": [],
        "grep_sweep_count": 1
      }
    },
    {
      "id": "cwc-compacttrigger",
      "agent": "worker",
      "ok": true,
      "ms": 92698,
      "sessionId": "sess_25368_1782929959429_1782929960800_dc529d09e0e385d2e693b5115f19fe03",
      "card": {
        "session": "sess_25368_1782929959429_1782929960800_dc529d09e0e385d2e693b5115f19fe03",
        "provider": "grok-oauth",
        "model": "grok-composer-2.5-fast",
        "wall_ms": 90659,
        "turns": 27,
        "tool_calls": 52,
        "tools_per_turn": 1.9,
        "total_tool_ms": 3955,
        "llm_stream_ms": 0,
        "cache_ratio": 0.6817390657542398,
        "cached_tokens": 549918,
        "prompt_tokens": 806640,
        "uncached_tokens": 256722,
        "output_tokens": 4689,
        "cache_weighted_input_10": 311713.8,
        "cache_weighted_input_25": 394201.5,
        "prompt_growth": 39328,
        "antipatterns": 3,
        "issues": 4,
        "issue_types": [
          "read_fragmentation",
          "grep_sweep",
          "missed_parallelism",
          "tool_churn_cluster"
        ],
        "read_fragmentation_paths": [
          "C:\\Project\\mixdog\\src\\runtime\\agent\\orchestrator\\session\\loop.mjs"
        ],
        "grep_sweep_count": 1
      }
    }
  ],
  "task_complete": true,
  "task_errors": [],
  "score_complete": true,
  "score_errors": [],
  "group": {
    "n": 3,
    "wall_ms": 64641.7,
    "turns": 18.7,
    "tool_calls": 42,
    "tools_per_turn": 2.3,
    "total_tool_ms": 3024.3,
    "llm_stream_ms": 0,
    "cache_ratio": 0.5,
    "cached_tokens": 265501,
    "prompt_tokens": 461154.7,
    "uncached_tokens": 195653.7,
    "output_tokens": 3891.7,
    "cache_weighted_input_10": 222203.8,
    "cache_weighted_input_25": 262028.9,
    "prompt_growth": 21457.3,
    "antipatterns": 1.7,
    "issues": 2.3,
    "grep_sweep_count": 0.7
  },
  "cards": [
    {
      "session": "sess_51620_1782929851976_1782929853550_d38e7257866e262c59e92e4a871cc875",
      "provider": "grok-oauth",
      "model": "grok-composer-2.5-fast",
      "wall_ms": 44305,
      "turns": 15,
      "tool_calls": 39,
      "tools_per_turn": 2.6,
      "total_tool_ms": 2946,
      "llm_stream_ms": 0,
      "cache_ratio": 0.6181231869974879,
      "cached_tokens": 171748,
      "prompt_tokens": 277854,
      "uncached_tokens": 106106,
      "output_tokens": 3370,
      "cache_weighted_input_10": 123280.8,
      "cache_weighted_input_25": 149043,
      "prompt_growth": 13605,
      "antipatterns": 1,
      "issues": 2,
      "issue_types": [
        "tool_error",
        "read_fragmentation"
      ],
      "read_fragmentation_paths": [
        "C:\\Project\\mixdog\\src\\standalone\\hook-bus.mjs"
      ],
      "grep_sweep_count": 0
    },
    {
      "session": "sess_47992_1782929898370_1782929899822_cecc5df185c88da7b769c19676a90b76",
      "provider": "grok-oauth",
      "model": "grok-composer-2.5-fast",
      "wall_ms": 58961,
      "turns": 14,
      "tool_calls": 35,
      "tools_per_turn": 2.5,
      "total_tool_ms": 2172,
      "llm_stream_ms": 0,
      "cache_ratio": 0.2503160852259424,
      "cached_tokens": 74837,
      "prompt_tokens": 298970,
      "uncached_tokens": 224133,
      "output_tokens": 3616,
      "cache_weighted_input_10": 231616.7,
      "cache_weighted_input_25": 242842.25,
      "prompt_growth": 11439,
      "antipatterns": 1,
      "issues": 1,
      "issue_types": [
        "grep_sweep"
      ],
      "read_fragmentation_paths": [],
      "grep_sweep_count": 1
    },
    {
      "session": "sess_25368_1782929959429_1782929960800_dc529d09e0e385d2e693b5115f19fe03",
      "provider": "grok-oauth",
      "model": "grok-composer-2.5-fast",
      "wall_ms": 90659,
      "turns": 27,
      "tool_calls": 52,
      "tools_per_turn": 1.9,
      "total_tool_ms": 3955,
      "llm_stream_ms": 0,
      "cache_ratio": 0.6817390657542398,
      "cached_tokens": 549918,
      "prompt_tokens": 806640,
      "uncached_tokens": 256722,
      "output_tokens": 4689,
      "cache_weighted_input_10": 311713.8,
      "cache_weighted_input_25": 394201.5,
      "prompt_growth": 39328,
      "antipatterns": 3,
      "issues": 4,
      "issue_types": [
        "read_fragmentation",
        "grep_sweep",
        "missed_parallelism",
        "tool_churn_cluster"
      ],
      "read_fragmentation_paths": [
        "C:\\Project\\mixdog\\src\\runtime\\agent\\orchestrator\\session\\loop.mjs"
      ],
      "grep_sweep_count": 1
    }
  ]
}