{
  "round": "cwc19-p3",
  "runner": "mixdog",
  "opts": {
    "provider": null,
    "model": null,
    "effort": null,
    "fast": false,
    "env": {}
  },
  "tasks": 3,
  "completed": 3,
  "completion_rate": 100,
  "sessions": [
    "sess_20260_1782930449584_1782930451535_c4048d6c8f22e5a416c37491d4d2a043",
    "sess_48132_1782930516318_1782930517703_3942293f2838da4e0c4bd19a81b6eb59",
    "sess_8272_1782930599870_1782930601274_62609f528852f8a116a69f03b1975656"
  ],
  "results": [
    {
      "id": "cwc-hookflow",
      "agent": "worker",
      "ok": true,
      "ms": 66576,
      "sessionId": "sess_20260_1782930449584_1782930451535_c4048d6c8f22e5a416c37491d4d2a043",
      "card": {
        "session": "sess_20260_1782930449584_1782930451535_c4048d6c8f22e5a416c37491d4d2a043",
        "provider": "grok-oauth",
        "model": "grok-composer-2.5-fast",
        "wall_ms": 64282,
        "turns": 19,
        "tool_calls": 52,
        "tools_per_turn": 2.7,
        "total_tool_ms": 3408,
        "llm_stream_ms": 0,
        "cache_ratio": 0.6201367240477866,
        "cached_tokens": 315502,
        "prompt_tokens": 508762,
        "uncached_tokens": 193260,
        "output_tokens": 4040,
        "cache_weighted_input_10": 224810.2,
        "cache_weighted_input_25": 272135.5,
        "prompt_growth": 21841,
        "antipatterns": 2,
        "issues": 3,
        "issue_types": [
          "tool_error",
          "read_fragmentation",
          "grep_sweep"
        ],
        "read_fragmentation_paths": [
          "src/standalone/hook-bus.mjs"
        ],
        "grep_sweep_count": 1
      }
    },
    {
      "id": "cwc-cacheusage",
      "agent": "worker",
      "ok": true,
      "ms": 83322,
      "sessionId": "sess_48132_1782930516318_1782930517703_3942293f2838da4e0c4bd19a81b6eb59",
      "card": {
        "session": "sess_48132_1782930516318_1782930517703_3942293f2838da4e0c4bd19a81b6eb59",
        "provider": "grok-oauth",
        "model": "grok-composer-2.5-fast",
        "wall_ms": 81403,
        "turns": 20,
        "tool_calls": 49,
        "tools_per_turn": 2.5,
        "total_tool_ms": 3348,
        "llm_stream_ms": 0,
        "cache_ratio": 0.617413810442076,
        "cached_tokens": 349952,
        "prompt_tokens": 566803,
        "uncached_tokens": 216851,
        "output_tokens": 4582,
        "cache_weighted_input_10": 251846.2,
        "cache_weighted_input_25": 304339,
        "prompt_growth": 25791,
        "antipatterns": 2,
        "issues": 2,
        "issue_types": [
          "read_fragmentation",
          "grep_sweep"
        ],
        "read_fragmentation_paths": [
          "C:\\Project\\mixdog\\src\\runtime\\agent\\orchestrator\\agent-trace.mjs"
        ],
        "grep_sweep_count": 1
      }
    },
    {
      "id": "cwc-compacttrigger",
      "agent": "worker",
      "ok": true,
      "ms": 55350,
      "sessionId": "sess_8272_1782930599870_1782930601274_62609f528852f8a116a69f03b1975656",
      "card": {
        "session": "sess_8272_1782930599870_1782930601274_62609f528852f8a116a69f03b1975656",
        "provider": "grok-oauth",
        "model": "grok-composer-2.5-fast",
        "wall_ms": 53191,
        "turns": 12,
        "tool_calls": 27,
        "tools_per_turn": 2.3,
        "total_tool_ms": 1639,
        "llm_stream_ms": 0,
        "cache_ratio": 0.5927319104969164,
        "cached_tokens": 146860,
        "prompt_tokens": 247768,
        "uncached_tokens": 100908,
        "output_tokens": 3118,
        "cache_weighted_input_10": 115594,
        "cache_weighted_input_25": 137623,
        "prompt_growth": -21071,
        "antipatterns": 0,
        "issues": 0,
        "issue_types": [],
        "read_fragmentation_paths": [],
        "grep_sweep_count": 0
      }
    }
  ],
  "task_complete": true,
  "task_errors": [],
  "score_complete": true,
  "score_errors": [],
  "group": {
    "n": 3,
    "wall_ms": 66292,
    "turns": 17,
    "tool_calls": 42.7,
    "tools_per_turn": 2.5,
    "total_tool_ms": 2798.3,
    "llm_stream_ms": 0,
    "cache_ratio": 0.6,
    "cached_tokens": 270771.3,
    "prompt_tokens": 441111,
    "uncached_tokens": 170339.7,
    "output_tokens": 3913.3,
    "cache_weighted_input_10": 197416.8,
    "cache_weighted_input_25": 238032.5,
    "prompt_growth": 8853.7,
    "antipatterns": 1.3,
    "issues": 1.7,
    "grep_sweep_count": 0.7
  },
  "cards": [
    {
      "session": "sess_20260_1782930449584_1782930451535_c4048d6c8f22e5a416c37491d4d2a043",
      "provider": "grok-oauth",
      "model": "grok-composer-2.5-fast",
      "wall_ms": 64282,
      "turns": 19,
      "tool_calls": 52,
      "tools_per_turn": 2.7,
      "total_tool_ms": 3408,
      "llm_stream_ms": 0,
      "cache_ratio": 0.6201367240477866,
      "cached_tokens": 315502,
      "prompt_tokens": 508762,
      "uncached_tokens": 193260,
      "output_tokens": 4040,
      "cache_weighted_input_10": 224810.2,
      "cache_weighted_input_25": 272135.5,
      "prompt_growth": 21841,
      "antipatterns": 2,
      "issues": 3,
      "issue_types": [
        "tool_error",
        "read_fragmentation",
        "grep_sweep"
      ],
      "read_fragmentation_paths": [
        "src/standalone/hook-bus.mjs"
      ],
      "grep_sweep_count": 1
    },
    {
      "session": "sess_48132_1782930516318_1782930517703_3942293f2838da4e0c4bd19a81b6eb59",
      "provider": "grok-oauth",
      "model": "grok-composer-2.5-fast",
      "wall_ms": 81403,
      "turns": 20,
      "tool_calls": 49,
      "tools_per_turn": 2.5,
      "total_tool_ms": 3348,
      "llm_stream_ms": 0,
      "cache_ratio": 0.617413810442076,
      "cached_tokens": 349952,
      "prompt_tokens": 566803,
      "uncached_tokens": 216851,
      "output_tokens": 4582,
      "cache_weighted_input_10": 251846.2,
      "cache_weighted_input_25": 304339,
      "prompt_growth": 25791,
      "antipatterns": 2,
      "issues": 2,
      "issue_types": [
        "read_fragmentation",
        "grep_sweep"
      ],
      "read_fragmentation_paths": [
        "C:\\Project\\mixdog\\src\\runtime\\agent\\orchestrator\\agent-trace.mjs"
      ],
      "grep_sweep_count": 1
    },
    {
      "session": "sess_8272_1782930599870_1782930601274_62609f528852f8a116a69f03b1975656",
      "provider": "grok-oauth",
      "model": "grok-composer-2.5-fast",
      "wall_ms": 53191,
      "turns": 12,
      "tool_calls": 27,
      "tools_per_turn": 2.3,
      "total_tool_ms": 1639,
      "llm_stream_ms": 0,
      "cache_ratio": 0.5927319104969164,
      "cached_tokens": 146860,
      "prompt_tokens": 247768,
      "uncached_tokens": 100908,
      "output_tokens": 3118,
      "cache_weighted_input_10": 115594,
      "cache_weighted_input_25": 137623,
      "prompt_growth": -21071,
      "antipatterns": 0,
      "issues": 0,
      "issue_types": [],
      "read_fragmentation_paths": [],
      "grep_sweep_count": 0
    }
  ]
}