{
  "round": "cwc20-p1",
  "runner": "mixdog",
  "opts": {
    "provider": null,
    "model": null,
    "effort": null,
    "fast": false,
    "env": {}
  },
  "tasks": 3,
  "completed": 3,
  "completion_rate": 100,
  "sessions": [
    "sess_50456_1782931037574_1782931039185_1d037a56f8bfe72225ffa5f81e871559",
    "sess_51588_1782931086922_1782931088302_f2d27dd707403d7f7f1ec53cf65fa56b",
    "sess_15816_1782931159839_1782931161253_ae2516147bd9bc24ea24b006d9ecbf87"
  ],
  "results": [
    {
      "id": "cwc-hookflow",
      "agent": "worker",
      "ok": true,
      "ms": 49159,
      "sessionId": "sess_50456_1782931037574_1782931039185_1d037a56f8bfe72225ffa5f81e871559",
      "card": {
        "session": "sess_50456_1782931037574_1782931039185_1d037a56f8bfe72225ffa5f81e871559",
        "provider": "grok-oauth",
        "model": "grok-composer-2.5-fast",
        "wall_ms": 46955,
        "turns": 13,
        "tool_calls": 33,
        "tools_per_turn": 2.5,
        "total_tool_ms": 1936,
        "llm_stream_ms": 0,
        "cache_ratio": 0.5042834482806812,
        "cached_tokens": 144335,
        "prompt_tokens": 286218,
        "uncached_tokens": 141883,
        "output_tokens": 3094,
        "cache_weighted_input_10": 156316.5,
        "cache_weighted_input_25": 177966.75,
        "prompt_growth": 9119,
        "antipatterns": 0,
        "issues": 0,
        "issue_types": [],
        "read_fragmentation_paths": [],
        "grep_sweep_count": 0
      }
    },
    {
      "id": "cwc-cacheusage",
      "agent": "worker",
      "ok": true,
      "ms": 72705,
      "sessionId": "sess_51588_1782931086922_1782931088302_f2d27dd707403d7f7f1ec53cf65fa56b",
      "card": {
        "session": "sess_51588_1782931086922_1782931088302_f2d27dd707403d7f7f1ec53cf65fa56b",
        "provider": "grok-oauth",
        "model": "grok-composer-2.5-fast",
        "wall_ms": 70911,
        "turns": 20,
        "tool_calls": 49,
        "tools_per_turn": 2.5,
        "total_tool_ms": 2793,
        "llm_stream_ms": 0,
        "cache_ratio": 0.40298306728256283,
        "cached_tokens": 242703,
        "prompt_tokens": 602266,
        "uncached_tokens": 359563,
        "output_tokens": 4324,
        "cache_weighted_input_10": 383833.3,
        "cache_weighted_input_25": 420238.75,
        "prompt_growth": 32369,
        "antipatterns": 1,
        "issues": 1,
        "issue_types": [
          "grep_sweep"
        ],
        "read_fragmentation_paths": [],
        "grep_sweep_count": 1
      }
    },
    {
      "id": "cwc-compacttrigger",
      "agent": "worker",
      "ok": true,
      "ms": 61884,
      "sessionId": "sess_15816_1782931159839_1782931161253_ae2516147bd9bc24ea24b006d9ecbf87",
      "card": {
        "session": "sess_15816_1782931159839_1782931161253_ae2516147bd9bc24ea24b006d9ecbf87",
        "provider": "grok-oauth",
        "model": "grok-composer-2.5-fast",
        "wall_ms": 60105,
        "turns": 16,
        "tool_calls": 38,
        "tools_per_turn": 2.4,
        "total_tool_ms": 2237,
        "llm_stream_ms": 0,
        "cache_ratio": 0.4689719803047092,
        "cached_tokens": 153631,
        "prompt_tokens": 327591,
        "uncached_tokens": 173960,
        "output_tokens": 3679,
        "cache_weighted_input_10": 189323.1,
        "cache_weighted_input_25": 212367.75,
        "prompt_growth": 13890,
        "antipatterns": 1,
        "issues": 1,
        "issue_types": [
          "grep_sweep"
        ],
        "read_fragmentation_paths": [],
        "grep_sweep_count": 1
      }
    }
  ],
  "task_complete": true,
  "task_errors": [],
  "score_complete": true,
  "score_errors": [],
  "group": {
    "n": 3,
    "wall_ms": 59323.7,
    "turns": 16.3,
    "tool_calls": 40,
    "tools_per_turn": 2.5,
    "total_tool_ms": 2322,
    "llm_stream_ms": 0,
    "cache_ratio": 0.5,
    "cached_tokens": 180223,
    "prompt_tokens": 405358.3,
    "uncached_tokens": 225135.3,
    "output_tokens": 3699,
    "cache_weighted_input_10": 243157.6,
    "cache_weighted_input_25": 270191.1,
    "prompt_growth": 18459.3,
    "antipatterns": 0.7,
    "issues": 0.7,
    "grep_sweep_count": 0.7
  },
  "cards": [
    {
      "session": "sess_50456_1782931037574_1782931039185_1d037a56f8bfe72225ffa5f81e871559",
      "provider": "grok-oauth",
      "model": "grok-composer-2.5-fast",
      "wall_ms": 46955,
      "turns": 13,
      "tool_calls": 33,
      "tools_per_turn": 2.5,
      "total_tool_ms": 1936,
      "llm_stream_ms": 0,
      "cache_ratio": 0.5042834482806812,
      "cached_tokens": 144335,
      "prompt_tokens": 286218,
      "uncached_tokens": 141883,
      "output_tokens": 3094,
      "cache_weighted_input_10": 156316.5,
      "cache_weighted_input_25": 177966.75,
      "prompt_growth": 9119,
      "antipatterns": 0,
      "issues": 0,
      "issue_types": [],
      "read_fragmentation_paths": [],
      "grep_sweep_count": 0
    },
    {
      "session": "sess_51588_1782931086922_1782931088302_f2d27dd707403d7f7f1ec53cf65fa56b",
      "provider": "grok-oauth",
      "model": "grok-composer-2.5-fast",
      "wall_ms": 70911,
      "turns": 20,
      "tool_calls": 49,
      "tools_per_turn": 2.5,
      "total_tool_ms": 2793,
      "llm_stream_ms": 0,
      "cache_ratio": 0.40298306728256283,
      "cached_tokens": 242703,
      "prompt_tokens": 602266,
      "uncached_tokens": 359563,
      "output_tokens": 4324,
      "cache_weighted_input_10": 383833.3,
      "cache_weighted_input_25": 420238.75,
      "prompt_growth": 32369,
      "antipatterns": 1,
      "issues": 1,
      "issue_types": [
        "grep_sweep"
      ],
      "read_fragmentation_paths": [],
      "grep_sweep_count": 1
    },
    {
      "session": "sess_15816_1782931159839_1782931161253_ae2516147bd9bc24ea24b006d9ecbf87",
      "provider": "grok-oauth",
      "model": "grok-composer-2.5-fast",
      "wall_ms": 60105,
      "turns": 16,
      "tool_calls": 38,
      "tools_per_turn": 2.4,
      "total_tool_ms": 2237,
      "llm_stream_ms": 0,
      "cache_ratio": 0.4689719803047092,
      "cached_tokens": 153631,
      "prompt_tokens": 327591,
      "uncached_tokens": 173960,
      "output_tokens": 3679,
      "cache_weighted_input_10": 189323.1,
      "cache_weighted_input_25": 212367.75,
      "prompt_growth": 13890,
      "antipatterns": 1,
      "issues": 1,
      "issue_types": [
        "grep_sweep"
      ],
      "read_fragmentation_paths": [],
      "grep_sweep_count": 1
    }
  ]
}