{
  "round": "cwc17-p3",
  "runner": "mixdog",
  "opts": {
    "provider": null,
    "model": null,
    "effort": null,
    "fast": false,
    "env": {}
  },
  "tasks": 3,
  "completed": 3,
  "completion_rate": 100,
  "sessions": [
    "sess_9656_1782929265908_1782929267480_f0e0991a93a3a8b8e47d6724023860fd",
    "sess_27888_1782929328045_1782929329492_24ada7e3dc2ba28a98a3fae0f3890e1e",
    "sess_16516_1782929382427_1782929383913_af5a43d5fe32e43808e1149b19830bae"
  ],
  "results": [
    {
      "id": "cwc-hookflow",
      "agent": "worker",
      "ok": true,
      "ms": 61971,
      "sessionId": "sess_9656_1782929265908_1782929267480_f0e0991a93a3a8b8e47d6724023860fd",
      "card": {
        "session": "sess_9656_1782929265908_1782929267480_f0e0991a93a3a8b8e47d6724023860fd",
        "provider": "grok-oauth",
        "model": "grok-composer-2.5-fast",
        "wall_ms": 59712,
        "turns": 17,
        "tool_calls": 43,
        "tools_per_turn": 2.5,
        "total_tool_ms": 2462,
        "llm_stream_ms": 0,
        "cache_ratio": 0.602487541699271,
        "cached_tokens": 204806,
        "prompt_tokens": 339934,
        "uncached_tokens": 135128,
        "output_tokens": 3508,
        "cache_weighted_input_10": 155608.6,
        "cache_weighted_input_25": 186329.5,
        "prompt_growth": 15843,
        "antipatterns": 1,
        "issues": 2,
        "issue_types": [
          "tool_error",
          "grep_sweep"
        ],
        "read_fragmentation_paths": [],
        "grep_sweep_count": 1
      }
    },
    {
      "id": "cwc-cacheusage",
      "agent": "worker",
      "ok": true,
      "ms": 54204,
      "sessionId": "sess_27888_1782929328045_1782929329492_24ada7e3dc2ba28a98a3fae0f3890e1e",
      "card": {
        "session": "sess_27888_1782929328045_1782929329492_24ada7e3dc2ba28a98a3fae0f3890e1e",
        "provider": "grok-oauth",
        "model": "grok-composer-2.5-fast",
        "wall_ms": 52197,
        "turns": 11,
        "tool_calls": 29,
        "tools_per_turn": 2.6,
        "total_tool_ms": 1932,
        "llm_stream_ms": 0,
        "cache_ratio": 0.4285749395411022,
        "cached_tokens": 87191,
        "prompt_tokens": 203444,
        "uncached_tokens": 116253,
        "output_tokens": 4145,
        "cache_weighted_input_10": 124972.1,
        "cache_weighted_input_25": 138050.75,
        "prompt_growth": -9190,
        "antipatterns": 0,
        "issues": 1,
        "issue_types": [
          "tool_error"
        ],
        "read_fragmentation_paths": [],
        "grep_sweep_count": 0
      }
    },
    {
      "id": "cwc-compacttrigger",
      "agent": "worker",
      "ok": true,
      "ms": 77819,
      "sessionId": "sess_16516_1782929382427_1782929383913_af5a43d5fe32e43808e1149b19830bae",
      "card": {
        "session": "sess_16516_1782929382427_1782929383913_af5a43d5fe32e43808e1149b19830bae",
        "provider": "grok-oauth",
        "model": "grok-composer-2.5-fast",
        "wall_ms": 75793,
        "turns": 15,
        "tool_calls": 30,
        "tools_per_turn": 2,
        "total_tool_ms": 1821,
        "llm_stream_ms": 0,
        "cache_ratio": 0.7219062905582063,
        "cached_tokens": 230278,
        "prompt_tokens": 318986,
        "uncached_tokens": 88708,
        "output_tokens": 3117,
        "cache_weighted_input_10": 111735.8,
        "cache_weighted_input_25": 146277.5,
        "prompt_growth": 19156,
        "antipatterns": 0,
        "issues": 0,
        "issue_types": [],
        "read_fragmentation_paths": [],
        "grep_sweep_count": 0
      }
    }
  ],
  "task_complete": true,
  "task_errors": [],
  "score_complete": true,
  "score_errors": [],
  "group": {
    "n": 3,
    "wall_ms": 62567.3,
    "turns": 14.3,
    "tool_calls": 34,
    "tools_per_turn": 2.4,
    "total_tool_ms": 2071.7,
    "llm_stream_ms": 0,
    "cache_ratio": 0.6,
    "cached_tokens": 174091.7,
    "prompt_tokens": 287454.7,
    "uncached_tokens": 113363,
    "output_tokens": 3590,
    "cache_weighted_input_10": 130772.2,
    "cache_weighted_input_25": 156885.9,
    "prompt_growth": 8603,
    "antipatterns": 0.3,
    "issues": 1,
    "grep_sweep_count": 0.3
  },
  "cards": [
    {
      "session": "sess_9656_1782929265908_1782929267480_f0e0991a93a3a8b8e47d6724023860fd",
      "provider": "grok-oauth",
      "model": "grok-composer-2.5-fast",
      "wall_ms": 59712,
      "turns": 17,
      "tool_calls": 43,
      "tools_per_turn": 2.5,
      "total_tool_ms": 2462,
      "llm_stream_ms": 0,
      "cache_ratio": 0.602487541699271,
      "cached_tokens": 204806,
      "prompt_tokens": 339934,
      "uncached_tokens": 135128,
      "output_tokens": 3508,
      "cache_weighted_input_10": 155608.6,
      "cache_weighted_input_25": 186329.5,
      "prompt_growth": 15843,
      "antipatterns": 1,
      "issues": 2,
      "issue_types": [
        "tool_error",
        "grep_sweep"
      ],
      "read_fragmentation_paths": [],
      "grep_sweep_count": 1
    },
    {
      "session": "sess_27888_1782929328045_1782929329492_24ada7e3dc2ba28a98a3fae0f3890e1e",
      "provider": "grok-oauth",
      "model": "grok-composer-2.5-fast",
      "wall_ms": 52197,
      "turns": 11,
      "tool_calls": 29,
      "tools_per_turn": 2.6,
      "total_tool_ms": 1932,
      "llm_stream_ms": 0,
      "cache_ratio": 0.4285749395411022,
      "cached_tokens": 87191,
      "prompt_tokens": 203444,
      "uncached_tokens": 116253,
      "output_tokens": 4145,
      "cache_weighted_input_10": 124972.1,
      "cache_weighted_input_25": 138050.75,
      "prompt_growth": -9190,
      "antipatterns": 0,
      "issues": 1,
      "issue_types": [
        "tool_error"
      ],
      "read_fragmentation_paths": [],
      "grep_sweep_count": 0
    },
    {
      "session": "sess_16516_1782929382427_1782929383913_af5a43d5fe32e43808e1149b19830bae",
      "provider": "grok-oauth",
      "model": "grok-composer-2.5-fast",
      "wall_ms": 75793,
      "turns": 15,
      "tool_calls": 30,
      "tools_per_turn": 2,
      "total_tool_ms": 1821,
      "llm_stream_ms": 0,
      "cache_ratio": 0.7219062905582063,
      "cached_tokens": 230278,
      "prompt_tokens": 318986,
      "uncached_tokens": 88708,
      "output_tokens": 3117,
      "cache_weighted_input_10": 111735.8,
      "cache_weighted_input_25": 146277.5,
      "prompt_growth": 19156,
      "antipatterns": 0,
      "issues": 0,
      "issue_types": [],
      "read_fragmentation_paths": [],
      "grep_sweep_count": 0
    }
  ]
}