{
  "round": "cwc16-p2",
  "runner": "mixdog",
  "opts": {
    "provider": null,
    "model": null,
    "effort": null,
    "fast": false,
    "env": {}
  },
  "tasks": 3,
  "completed": 3,
  "completion_rate": 100,
  "sessions": [
    "sess_51740_1782928822037_1782928823551_46aa9f1d72a94397a01c7798466adbe6",
    "sess_44488_1782928905155_1782928906514_66caba03969ced91a8f3a35ac0d99c7a",
    "sess_14088_1782928994403_1782928995844_704bd03bb49f1c21f96c97e99e769692"
  ],
  "results": [
    {
      "id": "cwc-hookflow",
      "agent": "worker",
      "ok": true,
      "ms": 82961,
      "sessionId": "sess_51740_1782928822037_1782928823551_46aa9f1d72a94397a01c7798466adbe6",
      "card": {
        "session": "sess_51740_1782928822037_1782928823551_46aa9f1d72a94397a01c7798466adbe6",
        "provider": "grok-oauth",
        "model": "grok-composer-2.5-fast",
        "wall_ms": 80836,
        "turns": 17,
        "tool_calls": 45,
        "tools_per_turn": 2.6,
        "total_tool_ms": 2521,
        "llm_stream_ms": 0,
        "cache_ratio": 0.6775801687500779,
        "cached_tokens": 271835,
        "prompt_tokens": 401185,
        "uncached_tokens": 129350,
        "output_tokens": 4561,
        "cache_weighted_input_10": 156533.5,
        "cache_weighted_input_25": 197308.75,
        "prompt_growth": 22046,
        "antipatterns": 2,
        "issues": 2,
        "issue_types": [
          "read_fragmentation",
          "grep_sweep"
        ],
        "read_fragmentation_paths": [
          "C:\\Project\\mixdog\\src\\standalone\\hook-bus.mjs"
        ],
        "grep_sweep_count": 1
      }
    },
    {
      "id": "cwc-cacheusage",
      "agent": "worker",
      "ok": true,
      "ms": 89068,
      "sessionId": "sess_44488_1782928905155_1782928906514_66caba03969ced91a8f3a35ac0d99c7a",
      "card": {
        "session": "sess_44488_1782928905155_1782928906514_66caba03969ced91a8f3a35ac0d99c7a",
        "provider": "grok-oauth",
        "model": "grok-composer-2.5-fast",
        "wall_ms": 87327,
        "turns": 22,
        "tool_calls": 56,
        "tools_per_turn": 2.5,
        "total_tool_ms": 3429,
        "llm_stream_ms": 0,
        "cache_ratio": 0.6368519857817717,
        "cached_tokens": 413871,
        "prompt_tokens": 649870,
        "uncached_tokens": 235999,
        "output_tokens": 5073,
        "cache_weighted_input_10": 277386.1,
        "cache_weighted_input_25": 339466.75,
        "prompt_growth": -29877,
        "antipatterns": 1,
        "issues": 1,
        "issue_types": [
          "grep_sweep"
        ],
        "read_fragmentation_paths": [],
        "grep_sweep_count": 1
      }
    },
    {
      "id": "cwc-compacttrigger",
      "agent": "worker",
      "ok": true,
      "ms": 94243,
      "sessionId": "sess_14088_1782928994403_1782928995844_704bd03bb49f1c21f96c97e99e769692",
      "card": {
        "session": "sess_14088_1782928994403_1782928995844_704bd03bb49f1c21f96c97e99e769692",
        "provider": "grok-oauth",
        "model": "grok-composer-2.5-fast",
        "wall_ms": 92270,
        "turns": 22,
        "tool_calls": 49,
        "tools_per_turn": 2.2,
        "total_tool_ms": 3576,
        "llm_stream_ms": 0,
        "cache_ratio": 0.7948126652921788,
        "cached_tokens": 556287,
        "prompt_tokens": 699897,
        "uncached_tokens": 143610,
        "output_tokens": 4874,
        "cache_weighted_input_10": 199238.7,
        "cache_weighted_input_25": 282681.75,
        "prompt_growth": 6357,
        "antipatterns": 2,
        "issues": 2,
        "issue_types": [
          "grep_sweep",
          "tool_churn_cluster"
        ],
        "read_fragmentation_paths": [],
        "grep_sweep_count": 1
      }
    }
  ],
  "score_complete": true,
  "score_errors": [],
  "group": {
    "n": 3,
    "wall_ms": 86811,
    "turns": 20.3,
    "tool_calls": 50,
    "tools_per_turn": 2.4,
    "total_tool_ms": 3175.3,
    "llm_stream_ms": 0,
    "cache_ratio": 0.7,
    "cached_tokens": 413997.7,
    "prompt_tokens": 583650.7,
    "uncached_tokens": 169653,
    "output_tokens": 4836,
    "cache_weighted_input_10": 211052.8,
    "cache_weighted_input_25": 273152.4,
    "prompt_growth": -491.3,
    "antipatterns": 1.7,
    "issues": 1.7,
    "grep_sweep_count": 1
  },
  "cards": [
    {
      "session": "sess_51740_1782928822037_1782928823551_46aa9f1d72a94397a01c7798466adbe6",
      "provider": "grok-oauth",
      "model": "grok-composer-2.5-fast",
      "wall_ms": 80836,
      "turns": 17,
      "tool_calls": 45,
      "tools_per_turn": 2.6,
      "total_tool_ms": 2521,
      "llm_stream_ms": 0,
      "cache_ratio": 0.6775801687500779,
      "cached_tokens": 271835,
      "prompt_tokens": 401185,
      "uncached_tokens": 129350,
      "output_tokens": 4561,
      "cache_weighted_input_10": 156533.5,
      "cache_weighted_input_25": 197308.75,
      "prompt_growth": 22046,
      "antipatterns": 2,
      "issues": 2,
      "issue_types": [
        "read_fragmentation",
        "grep_sweep"
      ],
      "read_fragmentation_paths": [
        "C:\\Project\\mixdog\\src\\standalone\\hook-bus.mjs"
      ],
      "grep_sweep_count": 1
    },
    {
      "session": "sess_44488_1782928905155_1782928906514_66caba03969ced91a8f3a35ac0d99c7a",
      "provider": "grok-oauth",
      "model": "grok-composer-2.5-fast",
      "wall_ms": 87327,
      "turns": 22,
      "tool_calls": 56,
      "tools_per_turn": 2.5,
      "total_tool_ms": 3429,
      "llm_stream_ms": 0,
      "cache_ratio": 0.6368519857817717,
      "cached_tokens": 413871,
      "prompt_tokens": 649870,
      "uncached_tokens": 235999,
      "output_tokens": 5073,
      "cache_weighted_input_10": 277386.1,
      "cache_weighted_input_25": 339466.75,
      "prompt_growth": -29877,
      "antipatterns": 1,
      "issues": 1,
      "issue_types": [
        "grep_sweep"
      ],
      "read_fragmentation_paths": [],
      "grep_sweep_count": 1
    },
    {
      "session": "sess_14088_1782928994403_1782928995844_704bd03bb49f1c21f96c97e99e769692",
      "provider": "grok-oauth",
      "model": "grok-composer-2.5-fast",
      "wall_ms": 92270,
      "turns": 22,
      "tool_calls": 49,
      "tools_per_turn": 2.2,
      "total_tool_ms": 3576,
      "llm_stream_ms": 0,
      "cache_ratio": 0.7948126652921788,
      "cached_tokens": 556287,
      "prompt_tokens": 699897,
      "uncached_tokens": 143610,
      "output_tokens": 4874,
      "cache_weighted_input_10": 199238.7,
      "cache_weighted_input_25": 282681.75,
      "prompt_growth": 6357,
      "antipatterns": 2,
      "issues": 2,
      "issue_types": [
        "grep_sweep",
        "tool_churn_cluster"
      ],
      "read_fragmentation_paths": [],
      "grep_sweep_count": 1
    }
  ]
}