{
  "round": "cwc19-p5",
  "runner": "mixdog",
  "opts": {
    "provider": null,
    "model": null,
    "effort": null,
    "fast": false,
    "env": {}
  },
  "tasks": 3,
  "completed": 3,
  "completion_rate": 100,
  "sessions": [
    "sess_44672_1782930449967_1782930451840_ea4b7e173793736320efbdaed61b4aa8",
    "sess_54532_1782930503050_1782930504490_dbcfb25ac605e25df6083e329599cd2e",
    "sess_45476_1782930556959_1782930558316_20b18ef28379830d0b9388738569ed92"
  ],
  "results": [
    {
      "id": "cwc-hookflow",
      "agent": "worker",
      "ok": true,
      "ms": 52906,
      "sessionId": "sess_44672_1782930449967_1782930451840_ea4b7e173793736320efbdaed61b4aa8",
      "card": {
        "session": "sess_44672_1782930449967_1782930451840_ea4b7e173793736320efbdaed61b4aa8",
        "provider": "grok-oauth",
        "model": "grok-composer-2.5-fast",
        "wall_ms": 50374,
        "turns": 14,
        "tool_calls": 36,
        "tools_per_turn": 2.6,
        "total_tool_ms": 2539,
        "llm_stream_ms": 0,
        "cache_ratio": 0.4691250223043952,
        "cached_tokens": 123568,
        "prompt_tokens": 263401,
        "uncached_tokens": 139833,
        "output_tokens": 3094,
        "cache_weighted_input_10": 152189.8,
        "cache_weighted_input_25": 170725,
        "prompt_growth": 5919,
        "antipatterns": 1,
        "issues": 1,
        "issue_types": [
          "read_fragmentation"
        ],
        "read_fragmentation_paths": [
          "src/standalone/hook-bus.mjs"
        ],
        "grep_sweep_count": 0
      }
    },
    {
      "id": "cwc-cacheusage",
      "agent": "worker",
      "ok": true,
      "ms": 53720,
      "sessionId": "sess_54532_1782930503050_1782930504490_dbcfb25ac605e25df6083e329599cd2e",
      "card": {
        "session": "sess_54532_1782930503050_1782930504490_dbcfb25ac605e25df6083e329599cd2e",
        "provider": "grok-oauth",
        "model": "grok-composer-2.5-fast",
        "wall_ms": 51574,
        "turns": 12,
        "tool_calls": 33,
        "tools_per_turn": 2.8,
        "total_tool_ms": 1417,
        "llm_stream_ms": 0,
        "cache_ratio": 0.4160540979996951,
        "cached_tokens": 98257,
        "prompt_tokens": 236164,
        "uncached_tokens": 137907,
        "output_tokens": 3092,
        "cache_weighted_input_10": 147732.7,
        "cache_weighted_input_25": 162471.25,
        "prompt_growth": 10423,
        "antipatterns": 1,
        "issues": 1,
        "issue_types": [
          "read_fragmentation"
        ],
        "read_fragmentation_paths": [
          "C:\\Project\\mixdog\\src\\runtime\\agent\\orchestrator\\providers\\openai-oauth.mjs"
        ],
        "grep_sweep_count": 0
      }
    },
    {
      "id": "cwc-compacttrigger",
      "agent": "worker",
      "ok": true,
      "ms": 64566,
      "sessionId": "sess_45476_1782930556959_1782930558316_20b18ef28379830d0b9388738569ed92",
      "card": {
        "session": "sess_45476_1782930556959_1782930558316_20b18ef28379830d0b9388738569ed92",
        "provider": "grok-oauth",
        "model": "grok-composer-2.5-fast",
        "wall_ms": 62461,
        "turns": 14,
        "tool_calls": 37,
        "tools_per_turn": 2.6,
        "total_tool_ms": 2902,
        "llm_stream_ms": 0,
        "cache_ratio": 0.44568445922230066,
        "cached_tokens": 118089,
        "prompt_tokens": 264961,
        "uncached_tokens": 146872,
        "output_tokens": 3746,
        "cache_weighted_input_10": 158680.9,
        "cache_weighted_input_25": 176394.25,
        "prompt_growth": 13472,
        "antipatterns": 0,
        "issues": 0,
        "issue_types": [],
        "read_fragmentation_paths": [],
        "grep_sweep_count": 0
      }
    }
  ],
  "task_complete": true,
  "task_errors": [],
  "score_complete": true,
  "score_errors": [],
  "group": {
    "n": 3,
    "wall_ms": 54803,
    "turns": 13.3,
    "tool_calls": 35.3,
    "tools_per_turn": 2.7,
    "total_tool_ms": 2286,
    "llm_stream_ms": 0,
    "cache_ratio": 0.4,
    "cached_tokens": 113304.7,
    "prompt_tokens": 254842,
    "uncached_tokens": 141537.3,
    "output_tokens": 3310.7,
    "cache_weighted_input_10": 152867.8,
    "cache_weighted_input_25": 169863.5,
    "prompt_growth": 9938,
    "antipatterns": 0.7,
    "issues": 0.7,
    "grep_sweep_count": 0
  },
  "cards": [
    {
      "session": "sess_44672_1782930449967_1782930451840_ea4b7e173793736320efbdaed61b4aa8",
      "provider": "grok-oauth",
      "model": "grok-composer-2.5-fast",
      "wall_ms": 50374,
      "turns": 14,
      "tool_calls": 36,
      "tools_per_turn": 2.6,
      "total_tool_ms": 2539,
      "llm_stream_ms": 0,
      "cache_ratio": 0.4691250223043952,
      "cached_tokens": 123568,
      "prompt_tokens": 263401,
      "uncached_tokens": 139833,
      "output_tokens": 3094,
      "cache_weighted_input_10": 152189.8,
      "cache_weighted_input_25": 170725,
      "prompt_growth": 5919,
      "antipatterns": 1,
      "issues": 1,
      "issue_types": [
        "read_fragmentation"
      ],
      "read_fragmentation_paths": [
        "src/standalone/hook-bus.mjs"
      ],
      "grep_sweep_count": 0
    },
    {
      "session": "sess_54532_1782930503050_1782930504490_dbcfb25ac605e25df6083e329599cd2e",
      "provider": "grok-oauth",
      "model": "grok-composer-2.5-fast",
      "wall_ms": 51574,
      "turns": 12,
      "tool_calls": 33,
      "tools_per_turn": 2.8,
      "total_tool_ms": 1417,
      "llm_stream_ms": 0,
      "cache_ratio": 0.4160540979996951,
      "cached_tokens": 98257,
      "prompt_tokens": 236164,
      "uncached_tokens": 137907,
      "output_tokens": 3092,
      "cache_weighted_input_10": 147732.7,
      "cache_weighted_input_25": 162471.25,
      "prompt_growth": 10423,
      "antipatterns": 1,
      "issues": 1,
      "issue_types": [
        "read_fragmentation"
      ],
      "read_fragmentation_paths": [
        "C:\\Project\\mixdog\\src\\runtime\\agent\\orchestrator\\providers\\openai-oauth.mjs"
      ],
      "grep_sweep_count": 0
    },
    {
      "session": "sess_45476_1782930556959_1782930558316_20b18ef28379830d0b9388738569ed92",
      "provider": "grok-oauth",
      "model": "grok-composer-2.5-fast",
      "wall_ms": 62461,
      "turns": 14,
      "tool_calls": 37,
      "tools_per_turn": 2.6,
      "total_tool_ms": 2902,
      "llm_stream_ms": 0,
      "cache_ratio": 0.44568445922230066,
      "cached_tokens": 118089,
      "prompt_tokens": 264961,
      "uncached_tokens": 146872,
      "output_tokens": 3746,
      "cache_weighted_input_10": 158680.9,
      "cache_weighted_input_25": 176394.25,
      "prompt_growth": 13472,
      "antipatterns": 0,
      "issues": 0,
      "issue_types": [],
      "read_fragmentation_paths": [],
      "grep_sweep_count": 0
    }
  ]
}