{
  "round": "cwc5rerun-p2",
  "runner": "mixdog",
  "opts": {
    "provider": null,
    "model": null,
    "effort": null,
    "fast": false,
    "env": {}
  },
  "tasks": 3,
  "completed": 3,
  "completion_rate": 100,
  "sessions": [
    "sess_41108_1782924755629_1782924757258_2fb564a955ff959127eff3fed278323d",
    "sess_45428_1782924812367_1782924813791_457cbf2c41779fc04e53595925a5e888",
    "sess_29948_1782924884962_1782924886419_bce41b5eec839f53861538aa5bd43501"
  ],
  "results": [
    {
      "id": "cwc-hookflow",
      "agent": "worker",
      "ok": true,
      "ms": 56759,
      "sessionId": "sess_41108_1782924755629_1782924757258_2fb564a955ff959127eff3fed278323d"
    },
    {
      "id": "cwc-cacheusage",
      "agent": "worker",
      "ok": true,
      "ms": 72590,
      "sessionId": "sess_45428_1782924812367_1782924813791_457cbf2c41779fc04e53595925a5e888"
    },
    {
      "id": "cwc-compacttrigger",
      "agent": "worker",
      "ok": true,
      "ms": 81884,
      "sessionId": "sess_29948_1782924884962_1782924886419_bce41b5eec839f53861538aa5bd43501"
    }
  ],
  "group": {
    "n": 3,
    "wall_ms": 68399.7,
    "turns": 16.3,
    "tool_calls": 38,
    "tools_per_turn": 2.4,
    "total_tool_ms": 2330.3,
    "llm_stream_ms": 0,
    "cache_ratio": 0.7,
    "cached_tokens": 270756,
    "prompt_tokens": 407021.3,
    "prompt_growth": 13790,
    "antipatterns": 0.7,
    "issues": 0.7
  },
  "cards": [
    {
      "session": "sess_41108_1782924755629_1782924757258_2fb564a955ff959127eff3fed278323d",
      "wall_ms": 54359,
      "turns": 13,
      "tool_calls": 36,
      "tools_per_turn": 2.8,
      "total_tool_ms": 2460,
      "llm_stream_ms": 0,
      "cache_ratio": 0.6845257138286811,
      "cached_tokens": 136938,
      "prompt_tokens": 200048,
      "prompt_growth": 3659,
      "antipatterns": 1,
      "issues": 1,
      "issue_types": [
        "read_fragmentation"
      ],
      "read_fragmentation_paths": [
        "C:\\Project\\mixdog\\src\\standalone\\hook-bus.mjs"
      ]
    },
    {
      "session": "sess_45428_1782924812367_1782924813791_457cbf2c41779fc04e53595925a5e888",
      "wall_ms": 70757,
      "turns": 14,
      "tool_calls": 37,
      "tools_per_turn": 2.6,
      "total_tool_ms": 1905,
      "llm_stream_ms": 0,
      "cache_ratio": 0.5927202620821616,
      "cached_tokens": 204447,
      "prompt_tokens": 344930,
      "prompt_growth": 28693,
      "antipatterns": 1,
      "issues": 1,
      "issue_types": [
        "read_fragmentation"
      ],
      "read_fragmentation_paths": [
        "C:\\Project\\mixdog\\src\\vendor\\statusline\\src\\gateway\\route-meta.mjs"
      ]
    },
    {
      "session": "sess_29948_1782924884962_1782924886419_bce41b5eec839f53861538aa5bd43501",
      "wall_ms": 80083,
      "turns": 22,
      "tool_calls": 41,
      "tools_per_turn": 1.9,
      "total_tool_ms": 2626,
      "llm_stream_ms": 0,
      "cache_ratio": 0.696483879269797,
      "cached_tokens": 470883,
      "prompt_tokens": 676086,
      "prompt_growth": 9018,
      "antipatterns": 0,
      "issues": 0,
      "issue_types": [],
      "read_fragmentation_paths": []
    }
  ]
}