{
  "round": "cwc8-p1",
  "runner": "mixdog",
  "opts": {
    "provider": null,
    "model": null,
    "effort": null,
    "fast": false,
    "env": {}
  },
  "tasks": 3,
  "completed": 3,
  "completion_rate": 100,
  "sessions": [
    "sess_49872_1782924359259_1782924361008_f3e812ae18b2b5a8167e811d1c0aede2",
    "sess_48308_1782924521902_1782924523421_692a697478056cbb11825471978de4a8",
    "sess_13516_1782924604236_1782924605714_b640b82b41c5015f7ef0ba307cc1ab26"
  ],
  "results": [
    {
      "id": "cwc-hookflow",
      "agent": "worker",
      "ok": true,
      "ms": 162649,
      "sessionId": "sess_49872_1782924359259_1782924361008_f3e812ae18b2b5a8167e811d1c0aede2"
    },
    {
      "id": "cwc-cacheusage",
      "agent": "worker",
      "ok": true,
      "ms": 82340,
      "sessionId": "sess_48308_1782924521902_1782924523421_692a697478056cbb11825471978de4a8"
    },
    {
      "id": "cwc-compacttrigger",
      "agent": "worker",
      "ok": true,
      "ms": 41819,
      "sessionId": "sess_13516_1782924604236_1782924605714_b640b82b41c5015f7ef0ba307cc1ab26"
    }
  ],
  "group": {
    "n": 3,
    "wall_ms": 93523.3,
    "turns": 25.3,
    "tool_calls": 55,
    "tools_per_turn": 2.2,
    "total_tool_ms": 3520,
    "llm_stream_ms": 0,
    "cache_ratio": 0.8,
    "cached_tokens": 575926.7,
    "prompt_tokens": 802207.7,
    "prompt_growth": 11760.3,
    "antipatterns": 1,
    "issues": 1
  },
  "cards": [
    {
      "session": "sess_49872_1782924359259_1782924361008_f3e812ae18b2b5a8167e811d1c0aede2",
      "wall_ms": 160572,
      "turns": 40,
      "tool_calls": 81,
      "tools_per_turn": 2,
      "total_tool_ms": 5518,
      "llm_stream_ms": 0,
      "cache_ratio": 0.6118163599037812,
      "cached_tokens": 902412,
      "prompt_tokens": 1474972,
      "prompt_growth": 4765,
      "antipatterns": 1,
      "issues": 1,
      "issue_types": [
        "read_fragmentation"
      ],
      "read_fragmentation_paths": [
        "src/runtime/agent/orchestrator/tools/builtin.mjs"
      ]
    },
    {
      "session": "sess_48308_1782924521902_1782924523421_692a697478056cbb11825471978de4a8",
      "wall_ms": 80262,
      "turns": 22,
      "tool_calls": 55,
      "tools_per_turn": 2.5,
      "total_tool_ms": 2964,
      "llm_stream_ms": 0,
      "cache_ratio": 0.8833228058485579,
      "cached_tokens": 585946,
      "prompt_tokens": 663343,
      "prompt_growth": 22787,
      "antipatterns": 2,
      "issues": 2,
      "issue_types": [
        "duplicate_tool",
        "read_fragmentation"
      ],
      "read_fragmentation_paths": [
        "C:\\Project\\mixdog\\src\\runtime\\agent\\orchestrator\\agent-trace.mjs"
      ]
    },
    {
      "session": "sess_13516_1782924604236_1782924605714_b640b82b41c5015f7ef0ba307cc1ab26",
      "wall_ms": 39736,
      "turns": 14,
      "tool_calls": 29,
      "tools_per_turn": 2.1,
      "total_tool_ms": 2078,
      "llm_stream_ms": 0,
      "cache_ratio": 0.8923401463989147,
      "cached_tokens": 239422,
      "prompt_tokens": 268308,
      "prompt_growth": 7729,
      "antipatterns": 0,
      "issues": 0,
      "issue_types": [],
      "read_fragmentation_paths": []
    }
  ]
}