{
  "round": "cwc18-p2",
  "runner": "mixdog",
  "opts": {
    "provider": null,
    "model": null,
    "effort": null,
    "fast": false,
    "env": {}
  },
  "tasks": 3,
  "completed": 3,
  "completion_rate": 100,
  "sessions": [
    "sess_50340_1782929851424_1782929853044_551a6b8f6ea3855e4a5b254eee9ec4fa",
    "sess_37924_1782929929761_1782929931182_70a84b85b8b69f09c90c7a70cdcb3075",
    "sess_20404_1782930000061_1782930001406_5d280a83b25668ba36559a288d672cf8"
  ],
  "results": [
    {
      "id": "cwc-hookflow",
      "agent": "worker",
      "ok": true,
      "ms": 78140,
      "sessionId": "sess_50340_1782929851424_1782929853044_551a6b8f6ea3855e4a5b254eee9ec4fa",
      "card": {
        "session": "sess_50340_1782929851424_1782929853044_551a6b8f6ea3855e4a5b254eee9ec4fa",
        "provider": "grok-oauth",
        "model": "grok-composer-2.5-fast",
        "wall_ms": 75915,
        "turns": 23,
        "tool_calls": 49,
        "tools_per_turn": 2.1,
        "total_tool_ms": 3203,
        "llm_stream_ms": 0,
        "cache_ratio": 0.5000994789998146,
        "cached_tokens": 296604,
        "prompt_tokens": 593090,
        "uncached_tokens": 296486,
        "output_tokens": 4136,
        "cache_weighted_input_10": 326146.4,
        "cache_weighted_input_25": 370637,
        "prompt_growth": 13262,
        "antipatterns": 2,
        "issues": 2,
        "issue_types": [
          "read_fragmentation",
          "grep_sweep"
        ],
        "read_fragmentation_paths": [
          "C:\\Project\\mixdog\\src\\standalone\\hook-bus.mjs"
        ],
        "grep_sweep_count": 1
      }
    },
    {
      "id": "cwc-cacheusage",
      "agent": "worker",
      "ok": true,
      "ms": 70113,
      "sessionId": "sess_37924_1782929929761_1782929931182_70a84b85b8b69f09c90c7a70cdcb3075",
      "card": {
        "session": "sess_37924_1782929929761_1782929931182_70a84b85b8b69f09c90c7a70cdcb3075",
        "provider": "grok-oauth",
        "model": "grok-composer-2.5-fast",
        "wall_ms": 68228,
        "turns": 18,
        "tool_calls": 43,
        "tools_per_turn": 2.4,
        "total_tool_ms": 2582,
        "llm_stream_ms": 0,
        "cache_ratio": 0.5154329929920335,
        "cached_tokens": 236609,
        "prompt_tokens": 459049,
        "uncached_tokens": 222440,
        "output_tokens": 4392,
        "cache_weighted_input_10": 246100.9,
        "cache_weighted_input_25": 281592.25,
        "prompt_growth": 7547,
        "antipatterns": 1,
        "issues": 1,
        "issue_types": [
          "grep_sweep"
        ],
        "read_fragmentation_paths": [],
        "grep_sweep_count": 1
      }
    },
    {
      "id": "cwc-compacttrigger",
      "agent": "worker",
      "ok": true,
      "ms": 39903,
      "sessionId": "sess_20404_1782930000061_1782930001406_5d280a83b25668ba36559a288d672cf8",
      "card": {
        "session": "sess_20404_1782930000061_1782930001406_5d280a83b25668ba36559a288d672cf8",
        "provider": "grok-oauth",
        "model": "grok-composer-2.5-fast",
        "wall_ms": 38141,
        "turns": 12,
        "tool_calls": 24,
        "tools_per_turn": 2,
        "total_tool_ms": 1531,
        "llm_stream_ms": 0,
        "cache_ratio": 0.6926849123895178,
        "cached_tokens": 142948,
        "prompt_tokens": 206368,
        "uncached_tokens": 63420,
        "output_tokens": 3118,
        "cache_weighted_input_10": 77714.8,
        "cache_weighted_input_25": 99157,
        "prompt_growth": 15530,
        "antipatterns": 1,
        "issues": 1,
        "issue_types": [
          "read_fragmentation"
        ],
        "read_fragmentation_paths": [
          "C:\\Project\\mixdog\\src\\runtime\\agent\\orchestrator\\session\\context-utils.mjs"
        ],
        "grep_sweep_count": 0
      }
    }
  ],
  "task_complete": true,
  "task_errors": [],
  "score_complete": true,
  "score_errors": [],
  "group": {
    "n": 3,
    "wall_ms": 60761.3,
    "turns": 17.7,
    "tool_calls": 38.7,
    "tools_per_turn": 2.2,
    "total_tool_ms": 2438.7,
    "llm_stream_ms": 0,
    "cache_ratio": 0.6,
    "cached_tokens": 225387,
    "prompt_tokens": 419502.3,
    "uncached_tokens": 194115.3,
    "output_tokens": 3882,
    "cache_weighted_input_10": 216654,
    "cache_weighted_input_25": 250462.1,
    "prompt_growth": 12113,
    "antipatterns": 1.3,
    "issues": 1.3,
    "grep_sweep_count": 0.7
  },
  "cards": [
    {
      "session": "sess_50340_1782929851424_1782929853044_551a6b8f6ea3855e4a5b254eee9ec4fa",
      "provider": "grok-oauth",
      "model": "grok-composer-2.5-fast",
      "wall_ms": 75915,
      "turns": 23,
      "tool_calls": 49,
      "tools_per_turn": 2.1,
      "total_tool_ms": 3203,
      "llm_stream_ms": 0,
      "cache_ratio": 0.5000994789998146,
      "cached_tokens": 296604,
      "prompt_tokens": 593090,
      "uncached_tokens": 296486,
      "output_tokens": 4136,
      "cache_weighted_input_10": 326146.4,
      "cache_weighted_input_25": 370637,
      "prompt_growth": 13262,
      "antipatterns": 2,
      "issues": 2,
      "issue_types": [
        "read_fragmentation",
        "grep_sweep"
      ],
      "read_fragmentation_paths": [
        "C:\\Project\\mixdog\\src\\standalone\\hook-bus.mjs"
      ],
      "grep_sweep_count": 1
    },
    {
      "session": "sess_37924_1782929929761_1782929931182_70a84b85b8b69f09c90c7a70cdcb3075",
      "provider": "grok-oauth",
      "model": "grok-composer-2.5-fast",
      "wall_ms": 68228,
      "turns": 18,
      "tool_calls": 43,
      "tools_per_turn": 2.4,
      "total_tool_ms": 2582,
      "llm_stream_ms": 0,
      "cache_ratio": 0.5154329929920335,
      "cached_tokens": 236609,
      "prompt_tokens": 459049,
      "uncached_tokens": 222440,
      "output_tokens": 4392,
      "cache_weighted_input_10": 246100.9,
      "cache_weighted_input_25": 281592.25,
      "prompt_growth": 7547,
      "antipatterns": 1,
      "issues": 1,
      "issue_types": [
        "grep_sweep"
      ],
      "read_fragmentation_paths": [],
      "grep_sweep_count": 1
    },
    {
      "session": "sess_20404_1782930000061_1782930001406_5d280a83b25668ba36559a288d672cf8",
      "provider": "grok-oauth",
      "model": "grok-composer-2.5-fast",
      "wall_ms": 38141,
      "turns": 12,
      "tool_calls": 24,
      "tools_per_turn": 2,
      "total_tool_ms": 1531,
      "llm_stream_ms": 0,
      "cache_ratio": 0.6926849123895178,
      "cached_tokens": 142948,
      "prompt_tokens": 206368,
      "uncached_tokens": 63420,
      "output_tokens": 3118,
      "cache_weighted_input_10": 77714.8,
      "cache_weighted_input_25": 99157,
      "prompt_growth": 15530,
      "antipatterns": 1,
      "issues": 1,
      "issue_types": [
        "read_fragmentation"
      ],
      "read_fragmentation_paths": [
        "C:\\Project\\mixdog\\src\\runtime\\agent\\orchestrator\\session\\context-utils.mjs"
      ],
      "grep_sweep_count": 0
    }
  ]
}