{
  "round": "cwc21-p1",
  "runner": "mixdog",
  "opts": {
    "provider": null,
    "model": null,
    "effort": null,
    "fast": false,
    "env": {}
  },
  "tasks": 3,
  "completed": 3,
  "completion_rate": 100,
  "sessions": [
    "sess_52656_1782931498192_1782931499769_de4ccd65371ea7837c2e5e0f124ead5c",
    "sess_55068_1782931598490_1782931599820_40b3f0791b3b539510542545a12774ff",
    "sess_2368_1782931660569_1782931661920_eb50888338fb0d7150a71cb916ed92d6"
  ],
  "results": [
    {
      "id": "cwc-hookflow",
      "agent": "worker",
      "ok": true,
      "ms": 100090,
      "sessionId": "sess_52656_1782931498192_1782931499769_de4ccd65371ea7837c2e5e0f124ead5c",
      "card": {
        "session": "sess_52656_1782931498192_1782931499769_de4ccd65371ea7837c2e5e0f124ead5c",
        "provider": "grok-oauth",
        "model": "grok-composer-2.5-fast",
        "wall_ms": 98210,
        "turns": 26,
        "tool_calls": 59,
        "tools_per_turn": 2.3,
        "total_tool_ms": 3829,
        "llm_stream_ms": 0,
        "cache_ratio": 0.5697962586597323,
        "cached_tokens": 373159,
        "prompt_tokens": 654899,
        "uncached_tokens": 281740,
        "output_tokens": 4217,
        "cache_weighted_input_10": 319055.9,
        "cache_weighted_input_25": 375029.75,
        "prompt_growth": 26479,
        "antipatterns": 1,
        "issues": 2,
        "issue_types": [
          "tool_error",
          "grep_sweep"
        ],
        "read_fragmentation_paths": [],
        "grep_sweep_count": 1
      }
    },
    {
      "id": "cwc-cacheusage",
      "agent": "worker",
      "ok": true,
      "ms": 61854,
      "sessionId": "sess_55068_1782931598490_1782931599820_40b3f0791b3b539510542545a12774ff",
      "card": {
        "session": "sess_55068_1782931598490_1782931599820_40b3f0791b3b539510542545a12774ff",
        "provider": "grok-oauth",
        "model": "grok-composer-2.5-fast",
        "wall_ms": 59839,
        "turns": 15,
        "tool_calls": 37,
        "tools_per_turn": 2.5,
        "total_tool_ms": 1938,
        "llm_stream_ms": 0,
        "cache_ratio": 0.4739596779871852,
        "cached_tokens": 161552,
        "prompt_tokens": 340856,
        "uncached_tokens": 179304,
        "output_tokens": 3440,
        "cache_weighted_input_10": 195459.2,
        "cache_weighted_input_25": 219692,
        "prompt_growth": 12265,
        "antipatterns": 1,
        "issues": 1,
        "issue_types": [
          "grep_sweep"
        ],
        "read_fragmentation_paths": [],
        "grep_sweep_count": 1
      }
    },
    {
      "id": "cwc-compacttrigger",
      "agent": "worker",
      "ok": true,
      "ms": 37634,
      "sessionId": "sess_2368_1782931660569_1782931661920_eb50888338fb0d7150a71cb916ed92d6",
      "card": {
        "session": "sess_2368_1782931660569_1782931661920_eb50888338fb0d7150a71cb916ed92d6",
        "provider": "grok-oauth",
        "model": "grok-composer-2.5-fast",
        "wall_ms": 35977,
        "turns": 10,
        "tool_calls": 23,
        "tools_per_turn": 2.3,
        "total_tool_ms": 1089,
        "llm_stream_ms": 0,
        "cache_ratio": 0.5788893107079158,
        "cached_tokens": 80817,
        "prompt_tokens": 139607,
        "uncached_tokens": 58790,
        "output_tokens": 2922,
        "cache_weighted_input_10": 66871.7,
        "cache_weighted_input_25": 78994.25,
        "prompt_growth": -6445,
        "antipatterns": 1,
        "issues": 1,
        "issue_types": [
          "read_fragmentation"
        ],
        "read_fragmentation_paths": [
          "C:\\Project\\mixdog\\src\\runtime\\agent\\orchestrator\\session\\context-utils.mjs"
        ],
        "grep_sweep_count": 0
      }
    }
  ],
  "task_complete": true,
  "task_errors": [],
  "score_complete": true,
  "score_errors": [],
  "group": {
    "n": 3,
    "wall_ms": 64675.3,
    "turns": 17,
    "tool_calls": 39.7,
    "tools_per_turn": 2.4,
    "total_tool_ms": 2285.3,
    "llm_stream_ms": 0,
    "cache_ratio": 0.5,
    "cached_tokens": 205176,
    "prompt_tokens": 378454,
    "uncached_tokens": 173278,
    "output_tokens": 3526.3,
    "cache_weighted_input_10": 193795.6,
    "cache_weighted_input_25": 224572,
    "prompt_growth": 10766.3,
    "antipatterns": 1,
    "issues": 1.3,
    "grep_sweep_count": 0.7
  },
  "cards": [
    {
      "session": "sess_52656_1782931498192_1782931499769_de4ccd65371ea7837c2e5e0f124ead5c",
      "provider": "grok-oauth",
      "model": "grok-composer-2.5-fast",
      "wall_ms": 98210,
      "turns": 26,
      "tool_calls": 59,
      "tools_per_turn": 2.3,
      "total_tool_ms": 3829,
      "llm_stream_ms": 0,
      "cache_ratio": 0.5697962586597323,
      "cached_tokens": 373159,
      "prompt_tokens": 654899,
      "uncached_tokens": 281740,
      "output_tokens": 4217,
      "cache_weighted_input_10": 319055.9,
      "cache_weighted_input_25": 375029.75,
      "prompt_growth": 26479,
      "antipatterns": 1,
      "issues": 2,
      "issue_types": [
        "tool_error",
        "grep_sweep"
      ],
      "read_fragmentation_paths": [],
      "grep_sweep_count": 1
    },
    {
      "session": "sess_55068_1782931598490_1782931599820_40b3f0791b3b539510542545a12774ff",
      "provider": "grok-oauth",
      "model": "grok-composer-2.5-fast",
      "wall_ms": 59839,
      "turns": 15,
      "tool_calls": 37,
      "tools_per_turn": 2.5,
      "total_tool_ms": 1938,
      "llm_stream_ms": 0,
      "cache_ratio": 0.4739596779871852,
      "cached_tokens": 161552,
      "prompt_tokens": 340856,
      "uncached_tokens": 179304,
      "output_tokens": 3440,
      "cache_weighted_input_10": 195459.2,
      "cache_weighted_input_25": 219692,
      "prompt_growth": 12265,
      "antipatterns": 1,
      "issues": 1,
      "issue_types": [
        "grep_sweep"
      ],
      "read_fragmentation_paths": [],
      "grep_sweep_count": 1
    },
    {
      "session": "sess_2368_1782931660569_1782931661920_eb50888338fb0d7150a71cb916ed92d6",
      "provider": "grok-oauth",
      "model": "grok-composer-2.5-fast",
      "wall_ms": 35977,
      "turns": 10,
      "tool_calls": 23,
      "tools_per_turn": 2.3,
      "total_tool_ms": 1089,
      "llm_stream_ms": 0,
      "cache_ratio": 0.5788893107079158,
      "cached_tokens": 80817,
      "prompt_tokens": 139607,
      "uncached_tokens": 58790,
      "output_tokens": 2922,
      "cache_weighted_input_10": 66871.7,
      "cache_weighted_input_25": 78994.25,
      "prompt_growth": -6445,
      "antipatterns": 1,
      "issues": 1,
      "issue_types": [
        "read_fragmentation"
      ],
      "read_fragmentation_paths": [
        "C:\\Project\\mixdog\\src\\runtime\\agent\\orchestrator\\session\\context-utils.mjs"
      ],
      "grep_sweep_count": 0
    }
  ]
}