{
  "round": "cwc21-p4",
  "runner": "mixdog",
  "opts": {
    "provider": null,
    "model": null,
    "effort": null,
    "fast": false,
    "env": {}
  },
  "tasks": 3,
  "completed": 3,
  "completion_rate": 100,
  "sessions": [
    "sess_25120_1782931498560_1782931500100_ce5382682f8b26e5c4b7879fee694eaf",
    "sess_53100_1782931562378_1782931563746_5a587147f0108c4adfa845a66ce905ff",
    "sess_34620_1782931636303_1782931637658_ed94a746b36880089c4cc1a6ef01e2f0"
  ],
  "results": [
    {
      "id": "cwc-hookflow",
      "agent": "worker",
      "ok": true,
      "ms": 63600,
      "sessionId": "sess_25120_1782931498560_1782931500100_ce5382682f8b26e5c4b7879fee694eaf",
      "card": {
        "session": "sess_25120_1782931498560_1782931500100_ce5382682f8b26e5c4b7879fee694eaf",
        "provider": "grok-oauth",
        "model": "grok-composer-2.5-fast",
        "wall_ms": 61698,
        "turns": 16,
        "tool_calls": 39,
        "tools_per_turn": 2.4,
        "total_tool_ms": 1938,
        "llm_stream_ms": 0,
        "cache_ratio": 0.5761127846575202,
        "cached_tokens": 181112,
        "prompt_tokens": 314369,
        "uncached_tokens": 133257,
        "output_tokens": 2973,
        "cache_weighted_input_10": 151368.2,
        "cache_weighted_input_25": 178535,
        "prompt_growth": 12408,
        "antipatterns": 0,
        "issues": 0,
        "issue_types": [],
        "read_fragmentation_paths": [],
        "grep_sweep_count": 0
      }
    },
    {
      "id": "cwc-cacheusage",
      "agent": "worker",
      "ok": true,
      "ms": 73708,
      "sessionId": "sess_53100_1782931562378_1782931563746_5a587147f0108c4adfa845a66ce905ff",
      "card": {
        "session": "sess_53100_1782931562378_1782931563746_5a587147f0108c4adfa845a66ce905ff",
        "provider": "grok-oauth",
        "model": "grok-composer-2.5-fast",
        "wall_ms": 71882,
        "turns": 16,
        "tool_calls": 44,
        "tools_per_turn": 2.8,
        "total_tool_ms": 2439,
        "llm_stream_ms": 0,
        "cache_ratio": 0.5260550566414275,
        "cached_tokens": 179248,
        "prompt_tokens": 340740,
        "uncached_tokens": 161492,
        "output_tokens": 4027,
        "cache_weighted_input_10": 179416.8,
        "cache_weighted_input_25": 206304,
        "prompt_growth": 14043,
        "antipatterns": 3,
        "issues": 3,
        "issue_types": [
          "read_fragmentation",
          "grep_sweep"
        ],
        "read_fragmentation_paths": [
          "C:\\Project\\mixdog\\src\\runtime\\agent\\orchestrator\\agent-trace.mjs",
          "C:\\Project\\mixdog\\src\\runtime\\agent\\orchestrator\\providers\\openai-compat.mjs"
        ],
        "grep_sweep_count": 1
      }
    },
    {
      "id": "cwc-compacttrigger",
      "agent": "worker",
      "ok": true,
      "ms": 42357,
      "sessionId": "sess_34620_1782931636303_1782931637658_ed94a746b36880089c4cc1a6ef01e2f0",
      "card": {
        "session": "sess_34620_1782931636303_1782931637658_ed94a746b36880089c4cc1a6ef01e2f0",
        "provider": "grok-oauth",
        "model": "grok-composer-2.5-fast",
        "wall_ms": 40661,
        "turns": 13,
        "tool_calls": 24,
        "tools_per_turn": 1.8,
        "total_tool_ms": 1710,
        "llm_stream_ms": 0,
        "cache_ratio": 0.5808035053180832,
        "cached_tokens": 133349,
        "prompt_tokens": 229594,
        "uncached_tokens": 96245,
        "output_tokens": 2903,
        "cache_weighted_input_10": 109579.9,
        "cache_weighted_input_25": 129582.25,
        "prompt_growth": 18615,
        "antipatterns": 0,
        "issues": 0,
        "issue_types": [],
        "read_fragmentation_paths": [],
        "grep_sweep_count": 0
      }
    }
  ],
  "task_complete": true,
  "task_errors": [],
  "score_complete": true,
  "score_errors": [],
  "group": {
    "n": 3,
    "wall_ms": 58080.3,
    "turns": 15,
    "tool_calls": 35.7,
    "tools_per_turn": 2.3,
    "total_tool_ms": 2029,
    "llm_stream_ms": 0,
    "cache_ratio": 0.6,
    "cached_tokens": 164569.7,
    "prompt_tokens": 294901,
    "uncached_tokens": 130331.3,
    "output_tokens": 3301,
    "cache_weighted_input_10": 146788.3,
    "cache_weighted_input_25": 171473.8,
    "prompt_growth": 15022,
    "antipatterns": 1,
    "issues": 1,
    "grep_sweep_count": 0.3
  },
  "cards": [
    {
      "session": "sess_25120_1782931498560_1782931500100_ce5382682f8b26e5c4b7879fee694eaf",
      "provider": "grok-oauth",
      "model": "grok-composer-2.5-fast",
      "wall_ms": 61698,
      "turns": 16,
      "tool_calls": 39,
      "tools_per_turn": 2.4,
      "total_tool_ms": 1938,
      "llm_stream_ms": 0,
      "cache_ratio": 0.5761127846575202,
      "cached_tokens": 181112,
      "prompt_tokens": 314369,
      "uncached_tokens": 133257,
      "output_tokens": 2973,
      "cache_weighted_input_10": 151368.2,
      "cache_weighted_input_25": 178535,
      "prompt_growth": 12408,
      "antipatterns": 0,
      "issues": 0,
      "issue_types": [],
      "read_fragmentation_paths": [],
      "grep_sweep_count": 0
    },
    {
      "session": "sess_53100_1782931562378_1782931563746_5a587147f0108c4adfa845a66ce905ff",
      "provider": "grok-oauth",
      "model": "grok-composer-2.5-fast",
      "wall_ms": 71882,
      "turns": 16,
      "tool_calls": 44,
      "tools_per_turn": 2.8,
      "total_tool_ms": 2439,
      "llm_stream_ms": 0,
      "cache_ratio": 0.5260550566414275,
      "cached_tokens": 179248,
      "prompt_tokens": 340740,
      "uncached_tokens": 161492,
      "output_tokens": 4027,
      "cache_weighted_input_10": 179416.8,
      "cache_weighted_input_25": 206304,
      "prompt_growth": 14043,
      "antipatterns": 3,
      "issues": 3,
      "issue_types": [
        "read_fragmentation",
        "grep_sweep"
      ],
      "read_fragmentation_paths": [
        "C:\\Project\\mixdog\\src\\runtime\\agent\\orchestrator\\agent-trace.mjs",
        "C:\\Project\\mixdog\\src\\runtime\\agent\\orchestrator\\providers\\openai-compat.mjs"
      ],
      "grep_sweep_count": 1
    },
    {
      "session": "sess_34620_1782931636303_1782931637658_ed94a746b36880089c4cc1a6ef01e2f0",
      "provider": "grok-oauth",
      "model": "grok-composer-2.5-fast",
      "wall_ms": 40661,
      "turns": 13,
      "tool_calls": 24,
      "tools_per_turn": 1.8,
      "total_tool_ms": 1710,
      "llm_stream_ms": 0,
      "cache_ratio": 0.5808035053180832,
      "cached_tokens": 133349,
      "prompt_tokens": 229594,
      "uncached_tokens": 96245,
      "output_tokens": 2903,
      "cache_weighted_input_10": 109579.9,
      "cache_weighted_input_25": 129582.25,
      "prompt_growth": 18615,
      "antipatterns": 0,
      "issues": 0,
      "issue_types": [],
      "read_fragmentation_paths": [],
      "grep_sweep_count": 0
    }
  ]
}