{
  "round": "cwc7",
  "runner": "mixdog",
  "opts": {
    "provider": null,
    "model": null,
    "effort": null,
    "fast": false,
    "env": {}
  },
  "tasks": 3,
  "completed": 3,
  "completion_rate": 100,
  "sessions": [
    "sess_37284_1782960719336_1782960720848_d90cae0c590b6735f9673d373021917c",
    "sess_47700_1782960755098_1782960756469_86e6b6f5ef866362a6dc13d8f08f1295",
    "sess_41488_1782960830867_1782960832304_76f9f9b815811da2540bcc530da5e44c"
  ],
  "results": [
    {
      "id": "cwc-hookflow",
      "agent": "worker",
      "ok": true,
      "ms": 35517,
      "sessionId": "sess_37284_1782960719336_1782960720848_d90cae0c590b6735f9673d373021917c",
      "card": {
        "session": "sess_37284_1782960719336_1782960720848_d90cae0c590b6735f9673d373021917c",
        "provider": "anthropic-oauth",
        "model": "claude-sonnet-5",
        "wall_ms": 33611,
        "turns": 7,
        "tool_calls": 6,
        "tools_per_turn": 0.9,
        "total_tool_ms": 565,
        "llm_stream_ms": 18949,
        "cache_ratio": 0.789947746172458,
        "cached_tokens": 38852,
        "prompt_tokens": 49183,
        "uncached_tokens": 10331,
        "output_tokens": 1943,
        "cache_weighted_input_10": 14216.2,
        "cache_weighted_input_25": 20044,
        "prompt_growth": 6023,
        "antipatterns": 1,
        "issues": 2,
        "issue_types": [
          "missed_parallelism",
          "tool_churn_cluster"
        ],
        "read_fragmentation_paths": [],
        "grep_sweep_count": 0
      }
    },
    {
      "id": "cwc-cacheusage",
      "agent": "worker",
      "ok": true,
      "ms": 75534,
      "sessionId": "sess_47700_1782960755098_1782960756469_86e6b6f5ef866362a6dc13d8f08f1295",
      "card": {
        "session": "sess_47700_1782960755098_1782960756469_86e6b6f5ef866362a6dc13d8f08f1295",
        "provider": "anthropic-oauth",
        "model": "claude-sonnet-5",
        "wall_ms": 73724,
        "turns": 20,
        "tool_calls": 19,
        "tools_per_turn": 1,
        "total_tool_ms": 1477,
        "llm_stream_ms": 40927,
        "cache_ratio": 0.9337102742672143,
        "cached_tokens": 284368,
        "prompt_tokens": 304557,
        "uncached_tokens": 20189,
        "output_tokens": 5221,
        "cache_weighted_input_10": 48625.8,
        "cache_weighted_input_25": 91281,
        "prompt_growth": 19823,
        "antipatterns": 1,
        "issues": 2,
        "issue_types": [
          "missed_parallelism",
          "tool_churn_cluster"
        ],
        "read_fragmentation_paths": [],
        "grep_sweep_count": 0
      }
    },
    {
      "id": "cwc-compacttrigger",
      "agent": "worker",
      "ok": true,
      "ms": 48205,
      "sessionId": "sess_41488_1782960830867_1782960832304_76f9f9b815811da2540bcc530da5e44c",
      "card": {
        "session": "sess_41488_1782960830867_1782960832304_76f9f9b815811da2540bcc530da5e44c",
        "provider": "anthropic-oauth",
        "model": "claude-sonnet-5",
        "wall_ms": 46219,
        "turns": 12,
        "tool_calls": 12,
        "tools_per_turn": 1,
        "total_tool_ms": 1039,
        "llm_stream_ms": 23083,
        "cache_ratio": 0.8797891104050328,
        "cached_tokens": 138170,
        "prompt_tokens": 157049,
        "uncached_tokens": 18879,
        "output_tokens": 2903,
        "cache_weighted_input_10": 32696,
        "cache_weighted_input_25": 53421.5,
        "prompt_growth": 18545,
        "antipatterns": 1,
        "issues": 2,
        "issue_types": [
          "missed_parallelism",
          "tool_churn_cluster"
        ],
        "read_fragmentation_paths": [],
        "grep_sweep_count": 0
      }
    }
  ],
  "task_complete": true,
  "task_errors": [],
  "score_complete": true,
  "score_errors": [],
  "group": {
    "n": 3,
    "wall_ms": 51184.7,
    "turns": 13,
    "tool_calls": 12.3,
    "tools_per_turn": 1,
    "total_tool_ms": 1027,
    "llm_stream_ms": 27653,
    "cache_ratio": 0.9,
    "cached_tokens": 153796.7,
    "prompt_tokens": 170263,
    "uncached_tokens": 16466.3,
    "output_tokens": 3355.7,
    "cache_weighted_input_10": 31846,
    "cache_weighted_input_25": 54915.5,
    "prompt_growth": 14797,
    "antipatterns": 1,
    "issues": 2,
    "grep_sweep_count": 0
  },
  "cards": [
    {
      "session": "sess_37284_1782960719336_1782960720848_d90cae0c590b6735f9673d373021917c",
      "provider": "anthropic-oauth",
      "model": "claude-sonnet-5",
      "wall_ms": 33611,
      "turns": 7,
      "tool_calls": 6,
      "tools_per_turn": 0.9,
      "total_tool_ms": 565,
      "llm_stream_ms": 18949,
      "cache_ratio": 0.789947746172458,
      "cached_tokens": 38852,
      "prompt_tokens": 49183,
      "uncached_tokens": 10331,
      "output_tokens": 1943,
      "cache_weighted_input_10": 14216.2,
      "cache_weighted_input_25": 20044,
      "prompt_growth": 6023,
      "antipatterns": 1,
      "issues": 2,
      "issue_types": [
        "missed_parallelism",
        "tool_churn_cluster"
      ],
      "read_fragmentation_paths": [],
      "grep_sweep_count": 0
    },
    {
      "session": "sess_47700_1782960755098_1782960756469_86e6b6f5ef866362a6dc13d8f08f1295",
      "provider": "anthropic-oauth",
      "model": "claude-sonnet-5",
      "wall_ms": 73724,
      "turns": 20,
      "tool_calls": 19,
      "tools_per_turn": 1,
      "total_tool_ms": 1477,
      "llm_stream_ms": 40927,
      "cache_ratio": 0.9337102742672143,
      "cached_tokens": 284368,
      "prompt_tokens": 304557,
      "uncached_tokens": 20189,
      "output_tokens": 5221,
      "cache_weighted_input_10": 48625.8,
      "cache_weighted_input_25": 91281,
      "prompt_growth": 19823,
      "antipatterns": 1,
      "issues": 2,
      "issue_types": [
        "missed_parallelism",
        "tool_churn_cluster"
      ],
      "read_fragmentation_paths": [],
      "grep_sweep_count": 0
    },
    {
      "session": "sess_41488_1782960830867_1782960832304_76f9f9b815811da2540bcc530da5e44c",
      "provider": "anthropic-oauth",
      "model": "claude-sonnet-5",
      "wall_ms": 46219,
      "turns": 12,
      "tool_calls": 12,
      "tools_per_turn": 1,
      "total_tool_ms": 1039,
      "llm_stream_ms": 23083,
      "cache_ratio": 0.8797891104050328,
      "cached_tokens": 138170,
      "prompt_tokens": 157049,
      "uncached_tokens": 18879,
      "output_tokens": 2903,
      "cache_weighted_input_10": 32696,
      "cache_weighted_input_25": 53421.5,
      "prompt_growth": 18545,
      "antipatterns": 1,
      "issues": 2,
      "issue_types": [
        "missed_parallelism",
        "tool_churn_cluster"
      ],
      "read_fragmentation_paths": [],
      "grep_sweep_count": 0
    }
  ]
}