{
  "round": "cwc16-p5",
  "runner": "mixdog",
  "opts": {
    "provider": null,
    "model": null,
    "effort": null,
    "fast": false,
    "env": {}
  },
  "tasks": 3,
  "completed": 3,
  "completion_rate": 100,
  "sessions": [
    "sess_42704_1782928822523_1782928824035_7d66cb03d687321bc46a74b8f6b67ea0",
    "sess_49160_1782928880012_1782928881369_5ff1abd9fbc228357aa39bf21e4642b5",
    "sess_24784_1782928958960_1782928960378_9ec535028db008df9b7b116ddb5bd591"
  ],
  "results": [
    {
      "id": "cwc-hookflow",
      "agent": "worker",
      "ok": true,
      "ms": 57340,
      "sessionId": "sess_42704_1782928822523_1782928824035_7d66cb03d687321bc46a74b8f6b67ea0",
      "card": {
        "session": "sess_42704_1782928822523_1782928824035_7d66cb03d687321bc46a74b8f6b67ea0",
        "provider": "grok-oauth",
        "model": "grok-composer-2.5-fast",
        "wall_ms": 55225,
        "turns": 15,
        "tool_calls": 39,
        "tools_per_turn": 2.6,
        "total_tool_ms": 2387,
        "llm_stream_ms": 0,
        "cache_ratio": 0.6021071053552678,
        "cached_tokens": 172022,
        "prompt_tokens": 285700,
        "uncached_tokens": 113678,
        "output_tokens": 3175,
        "cache_weighted_input_10": 130880.2,
        "cache_weighted_input_25": 156683.5,
        "prompt_growth": 18140,
        "antipatterns": 0,
        "issues": 0,
        "issue_types": [],
        "read_fragmentation_paths": [],
        "grep_sweep_count": 0
      }
    },
    {
      "id": "cwc-cacheusage",
      "agent": "worker",
      "ok": true,
      "ms": 78771,
      "sessionId": "sess_49160_1782928880012_1782928881369_5ff1abd9fbc228357aa39bf21e4642b5",
      "card": {
        "session": "sess_49160_1782928880012_1782928881369_5ff1abd9fbc228357aa39bf21e4642b5",
        "provider": "grok-oauth",
        "model": "grok-composer-2.5-fast",
        "wall_ms": 76730,
        "turns": 20,
        "tool_calls": 43,
        "tools_per_turn": 2.2,
        "total_tool_ms": 2351,
        "llm_stream_ms": 0,
        "cache_ratio": 0.7123053394650506,
        "cached_tokens": 397757,
        "prompt_tokens": 558408,
        "uncached_tokens": 160651,
        "output_tokens": 4263,
        "cache_weighted_input_10": 200426.7,
        "cache_weighted_input_25": 260090.25,
        "prompt_growth": -21130,
        "antipatterns": 1,
        "issues": 2,
        "issue_types": [
          "tool_error",
          "grep_sweep"
        ],
        "read_fragmentation_paths": [],
        "grep_sweep_count": 1
      }
    },
    {
      "id": "cwc-compacttrigger",
      "agent": "worker",
      "ok": true,
      "ms": 87463,
      "sessionId": "sess_24784_1782928958960_1782928960378_9ec535028db008df9b7b116ddb5bd591",
      "card": {
        "session": "sess_24784_1782928958960_1782928960378_9ec535028db008df9b7b116ddb5bd591",
        "provider": "grok-oauth",
        "model": "grok-composer-2.5-fast",
        "wall_ms": 85319,
        "turns": 19,
        "tool_calls": 49,
        "tools_per_turn": 2.6,
        "total_tool_ms": 3122,
        "llm_stream_ms": 0,
        "cache_ratio": 0.48192467059054217,
        "cached_tokens": 299841,
        "prompt_tokens": 622174,
        "uncached_tokens": 322333,
        "output_tokens": 4096,
        "cache_weighted_input_10": 352317.1,
        "cache_weighted_input_25": 397293.25,
        "prompt_growth": 35405,
        "antipatterns": 1,
        "issues": 1,
        "issue_types": [
          "grep_sweep"
        ],
        "read_fragmentation_paths": [],
        "grep_sweep_count": 1
      }
    }
  ],
  "score_complete": true,
  "score_errors": [],
  "group": {
    "n": 3,
    "wall_ms": 72424.7,
    "turns": 18,
    "tool_calls": 43.7,
    "tools_per_turn": 2.5,
    "total_tool_ms": 2620,
    "llm_stream_ms": 0,
    "cache_ratio": 0.6,
    "cached_tokens": 289873.3,
    "prompt_tokens": 488760.7,
    "uncached_tokens": 198887.3,
    "output_tokens": 3844.7,
    "cache_weighted_input_10": 227874.7,
    "cache_weighted_input_25": 271355.7,
    "prompt_growth": 10805,
    "antipatterns": 0.7,
    "issues": 1,
    "grep_sweep_count": 0.7
  },
  "cards": [
    {
      "session": "sess_42704_1782928822523_1782928824035_7d66cb03d687321bc46a74b8f6b67ea0",
      "provider": "grok-oauth",
      "model": "grok-composer-2.5-fast",
      "wall_ms": 55225,
      "turns": 15,
      "tool_calls": 39,
      "tools_per_turn": 2.6,
      "total_tool_ms": 2387,
      "llm_stream_ms": 0,
      "cache_ratio": 0.6021071053552678,
      "cached_tokens": 172022,
      "prompt_tokens": 285700,
      "uncached_tokens": 113678,
      "output_tokens": 3175,
      "cache_weighted_input_10": 130880.2,
      "cache_weighted_input_25": 156683.5,
      "prompt_growth": 18140,
      "antipatterns": 0,
      "issues": 0,
      "issue_types": [],
      "read_fragmentation_paths": [],
      "grep_sweep_count": 0
    },
    {
      "session": "sess_49160_1782928880012_1782928881369_5ff1abd9fbc228357aa39bf21e4642b5",
      "provider": "grok-oauth",
      "model": "grok-composer-2.5-fast",
      "wall_ms": 76730,
      "turns": 20,
      "tool_calls": 43,
      "tools_per_turn": 2.2,
      "total_tool_ms": 2351,
      "llm_stream_ms": 0,
      "cache_ratio": 0.7123053394650506,
      "cached_tokens": 397757,
      "prompt_tokens": 558408,
      "uncached_tokens": 160651,
      "output_tokens": 4263,
      "cache_weighted_input_10": 200426.7,
      "cache_weighted_input_25": 260090.25,
      "prompt_growth": -21130,
      "antipatterns": 1,
      "issues": 2,
      "issue_types": [
        "tool_error",
        "grep_sweep"
      ],
      "read_fragmentation_paths": [],
      "grep_sweep_count": 1
    },
    {
      "session": "sess_24784_1782928958960_1782928960378_9ec535028db008df9b7b116ddb5bd591",
      "provider": "grok-oauth",
      "model": "grok-composer-2.5-fast",
      "wall_ms": 85319,
      "turns": 19,
      "tool_calls": 49,
      "tools_per_turn": 2.6,
      "total_tool_ms": 3122,
      "llm_stream_ms": 0,
      "cache_ratio": 0.48192467059054217,
      "cached_tokens": 299841,
      "prompt_tokens": 622174,
      "uncached_tokens": 322333,
      "output_tokens": 4096,
      "cache_weighted_input_10": 352317.1,
      "cache_weighted_input_25": 397293.25,
      "prompt_growth": 35405,
      "antipatterns": 1,
      "issues": 1,
      "issue_types": [
        "grep_sweep"
      ],
      "read_fragmentation_paths": [],
      "grep_sweep_count": 1
    }
  ]
}