{
  "round": "cwc18-p3",
  "runner": "mixdog",
  "opts": {
    "provider": null,
    "model": null,
    "effort": null,
    "fast": false,
    "env": {}
  },
  "tasks": 3,
  "completed": 3,
  "completion_rate": 100,
  "sessions": [
    "sess_28968_1782929851660_1782929853261_daaab92c16688a296262c1c5e7588e4b",
    "sess_44512_1782929889790_1782929891219_b9466d2e88e98fe8100d7a79a0a39235",
    "sess_38400_1782929976505_1782929977889_b33af29410e14a51f9333cf6fc23639a"
  ],
  "results": [
    {
      "id": "cwc-hookflow",
      "agent": "worker",
      "ok": true,
      "ms": 37939,
      "sessionId": "sess_28968_1782929851660_1782929853261_daaab92c16688a296262c1c5e7588e4b",
      "card": {
        "session": "sess_28968_1782929851660_1782929853261_daaab92c16688a296262c1c5e7588e4b",
        "provider": "grok-oauth",
        "model": "grok-composer-2.5-fast",
        "wall_ms": 35974,
        "turns": 11,
        "tool_calls": 27,
        "tools_per_turn": 2.5,
        "total_tool_ms": 2003,
        "llm_stream_ms": 0,
        "cache_ratio": 0.4339630841440625,
        "cached_tokens": 69898,
        "prompt_tokens": 161069,
        "uncached_tokens": 91171,
        "output_tokens": 2461,
        "cache_weighted_input_10": 98160.8,
        "cache_weighted_input_25": 108645.5,
        "prompt_growth": 10820,
        "antipatterns": 1,
        "issues": 1,
        "issue_types": [
          "read_fragmentation"
        ],
        "read_fragmentation_paths": [
          "C:\\Project\\mixdog\\src\\standalone\\hook-bus.mjs"
        ],
        "grep_sweep_count": 0
      }
    },
    {
      "id": "cwc-cacheusage",
      "agent": "worker",
      "ok": true,
      "ms": 86521,
      "sessionId": "sess_44512_1782929889790_1782929891219_b9466d2e88e98fe8100d7a79a0a39235",
      "card": {
        "session": "sess_44512_1782929889790_1782929891219_b9466d2e88e98fe8100d7a79a0a39235",
        "provider": "grok-oauth",
        "model": "grok-composer-2.5-fast",
        "wall_ms": 84524,
        "turns": 23,
        "tool_calls": 53,
        "tools_per_turn": 2.3,
        "total_tool_ms": 3400,
        "llm_stream_ms": 0,
        "cache_ratio": 0.5308895733433384,
        "cached_tokens": 425912,
        "prompt_tokens": 802261,
        "uncached_tokens": 376349,
        "output_tokens": 4650,
        "cache_weighted_input_10": 418940.2,
        "cache_weighted_input_25": 482827,
        "prompt_growth": 33691,
        "antipatterns": 2,
        "issues": 2,
        "issue_types": [
          "grep_sweep",
          "tool_churn_cluster"
        ],
        "read_fragmentation_paths": [],
        "grep_sweep_count": 1
      }
    },
    {
      "id": "cwc-compacttrigger",
      "agent": "worker",
      "ok": true,
      "ms": 52076,
      "sessionId": "sess_38400_1782929976505_1782929977889_b33af29410e14a51f9333cf6fc23639a",
      "card": {
        "session": "sess_38400_1782929976505_1782929977889_b33af29410e14a51f9333cf6fc23639a",
        "provider": "grok-oauth",
        "model": "grok-composer-2.5-fast",
        "wall_ms": 50113,
        "turns": 14,
        "tool_calls": 31,
        "tools_per_turn": 2.2,
        "total_tool_ms": 1760,
        "llm_stream_ms": 0,
        "cache_ratio": 0.39173137264813035,
        "cached_tokens": 100749,
        "prompt_tokens": 257189,
        "uncached_tokens": 156440,
        "output_tokens": 3499,
        "cache_weighted_input_10": 166514.9,
        "cache_weighted_input_25": 181627.25,
        "prompt_growth": 10412,
        "antipatterns": 0,
        "issues": 0,
        "issue_types": [],
        "read_fragmentation_paths": [],
        "grep_sweep_count": 0
      }
    }
  ],
  "task_complete": true,
  "task_errors": [],
  "score_complete": true,
  "score_errors": [],
  "group": {
    "n": 3,
    "wall_ms": 56870.3,
    "turns": 16,
    "tool_calls": 37,
    "tools_per_turn": 2.3,
    "total_tool_ms": 2387.7,
    "llm_stream_ms": 0,
    "cache_ratio": 0.5,
    "cached_tokens": 198853,
    "prompt_tokens": 406839.7,
    "uncached_tokens": 207986.7,
    "output_tokens": 3536.7,
    "cache_weighted_input_10": 227872,
    "cache_weighted_input_25": 257699.9,
    "prompt_growth": 18307.7,
    "antipatterns": 1,
    "issues": 1,
    "grep_sweep_count": 0.3
  },
  "cards": [
    {
      "session": "sess_28968_1782929851660_1782929853261_daaab92c16688a296262c1c5e7588e4b",
      "provider": "grok-oauth",
      "model": "grok-composer-2.5-fast",
      "wall_ms": 35974,
      "turns": 11,
      "tool_calls": 27,
      "tools_per_turn": 2.5,
      "total_tool_ms": 2003,
      "llm_stream_ms": 0,
      "cache_ratio": 0.4339630841440625,
      "cached_tokens": 69898,
      "prompt_tokens": 161069,
      "uncached_tokens": 91171,
      "output_tokens": 2461,
      "cache_weighted_input_10": 98160.8,
      "cache_weighted_input_25": 108645.5,
      "prompt_growth": 10820,
      "antipatterns": 1,
      "issues": 1,
      "issue_types": [
        "read_fragmentation"
      ],
      "read_fragmentation_paths": [
        "C:\\Project\\mixdog\\src\\standalone\\hook-bus.mjs"
      ],
      "grep_sweep_count": 0
    },
    {
      "session": "sess_44512_1782929889790_1782929891219_b9466d2e88e98fe8100d7a79a0a39235",
      "provider": "grok-oauth",
      "model": "grok-composer-2.5-fast",
      "wall_ms": 84524,
      "turns": 23,
      "tool_calls": 53,
      "tools_per_turn": 2.3,
      "total_tool_ms": 3400,
      "llm_stream_ms": 0,
      "cache_ratio": 0.5308895733433384,
      "cached_tokens": 425912,
      "prompt_tokens": 802261,
      "uncached_tokens": 376349,
      "output_tokens": 4650,
      "cache_weighted_input_10": 418940.2,
      "cache_weighted_input_25": 482827,
      "prompt_growth": 33691,
      "antipatterns": 2,
      "issues": 2,
      "issue_types": [
        "grep_sweep",
        "tool_churn_cluster"
      ],
      "read_fragmentation_paths": [],
      "grep_sweep_count": 1
    },
    {
      "session": "sess_38400_1782929976505_1782929977889_b33af29410e14a51f9333cf6fc23639a",
      "provider": "grok-oauth",
      "model": "grok-composer-2.5-fast",
      "wall_ms": 50113,
      "turns": 14,
      "tool_calls": 31,
      "tools_per_turn": 2.2,
      "total_tool_ms": 1760,
      "llm_stream_ms": 0,
      "cache_ratio": 0.39173137264813035,
      "cached_tokens": 100749,
      "prompt_tokens": 257189,
      "uncached_tokens": 156440,
      "output_tokens": 3499,
      "cache_weighted_input_10": 166514.9,
      "cache_weighted_input_25": 181627.25,
      "prompt_growth": 10412,
      "antipatterns": 0,
      "issues": 0,
      "issue_types": [],
      "read_fragmentation_paths": [],
      "grep_sweep_count": 0
    }
  ]
}