{
  "round": "cwc20-p4",
  "runner": "mixdog",
  "opts": {
    "provider": null,
    "model": null,
    "effort": null,
    "fast": false,
    "env": {}
  },
  "tasks": 3,
  "completed": 3,
  "completion_rate": 100,
  "sessions": [
    "sess_53584_1782931037970_1782931039544_7989214385680c16983cc91f68ec2dc2",
    "sess_16912_1782931093535_1782931094945_0123cccb4e27c74bc5bc932ce1759281",
    "sess_44024_1782931164496_1782931165826_52a3ff6778d934b6fda04e682d6b946b"
  ],
  "results": [
    {
      "id": "cwc-hookflow",
      "agent": "worker",
      "ok": true,
      "ms": 55354,
      "sessionId": "sess_53584_1782931037970_1782931039544_7989214385680c16983cc91f68ec2dc2",
      "card": {
        "session": "sess_53584_1782931037970_1782931039544_7989214385680c16983cc91f68ec2dc2",
        "provider": "grok-oauth",
        "model": "grok-composer-2.5-fast",
        "wall_ms": 53410,
        "turns": 13,
        "tool_calls": 30,
        "tools_per_turn": 2.3,
        "total_tool_ms": 1948,
        "llm_stream_ms": 0,
        "cache_ratio": 0.32854434098000795,
        "cached_tokens": 93393,
        "prompt_tokens": 284263,
        "uncached_tokens": 190870,
        "output_tokens": 3191,
        "cache_weighted_input_10": 200209.3,
        "cache_weighted_input_25": 214218.25,
        "prompt_growth": 12476,
        "antipatterns": 0,
        "issues": 0,
        "issue_types": [],
        "read_fragmentation_paths": [],
        "grep_sweep_count": 0
      }
    },
    {
      "id": "cwc-cacheusage",
      "agent": "worker",
      "ok": true,
      "ms": 70741,
      "sessionId": "sess_16912_1782931093535_1782931094945_0123cccb4e27c74bc5bc932ce1759281",
      "card": {
        "session": "sess_16912_1782931093535_1782931094945_0123cccb4e27c74bc5bc932ce1759281",
        "provider": "grok-oauth",
        "model": "grok-composer-2.5-fast",
        "wall_ms": 68764,
        "turns": 18,
        "tool_calls": 45,
        "tools_per_turn": 2.5,
        "total_tool_ms": 2983,
        "llm_stream_ms": 0,
        "cache_ratio": 0.2623164556675502,
        "cached_tokens": 115888,
        "prompt_tokens": 441787,
        "uncached_tokens": 325899,
        "output_tokens": 3994,
        "cache_weighted_input_10": 337487.8,
        "cache_weighted_input_25": 354871,
        "prompt_growth": 12018,
        "antipatterns": 2,
        "issues": 3,
        "issue_types": [
          "tool_error",
          "read_fragmentation",
          "grep_sweep"
        ],
        "read_fragmentation_paths": [
          "C:\\Project\\mixdog\\src\\runtime\\agent\\orchestrator\\agent-trace.mjs"
        ],
        "grep_sweep_count": 1
      }
    },
    {
      "id": "cwc-compacttrigger",
      "agent": "worker",
      "ok": true,
      "ms": 54687,
      "sessionId": "sess_44024_1782931164496_1782931165826_52a3ff6778d934b6fda04e682d6b946b",
      "card": {
        "session": "sess_44024_1782931164496_1782931165826_52a3ff6778d934b6fda04e682d6b946b",
        "provider": "grok-oauth",
        "model": "grok-composer-2.5-fast",
        "wall_ms": 52737,
        "turns": 13,
        "tool_calls": 29,
        "tools_per_turn": 2.2,
        "total_tool_ms": 1956,
        "llm_stream_ms": 0,
        "cache_ratio": 0.3519861390050374,
        "cached_tokens": 85527,
        "prompt_tokens": 242984,
        "uncached_tokens": 157457,
        "output_tokens": 3053,
        "cache_weighted_input_10": 166009.7,
        "cache_weighted_input_25": 178838.75,
        "prompt_growth": 12145,
        "antipatterns": 0,
        "issues": 0,
        "issue_types": [],
        "read_fragmentation_paths": [],
        "grep_sweep_count": 0
      }
    }
  ],
  "task_complete": true,
  "task_errors": [],
  "score_complete": true,
  "score_errors": [],
  "group": {
    "n": 3,
    "wall_ms": 58303.7,
    "turns": 14.7,
    "tool_calls": 34.7,
    "tools_per_turn": 2.3,
    "total_tool_ms": 2295.7,
    "llm_stream_ms": 0,
    "cache_ratio": 0.3,
    "cached_tokens": 98269.3,
    "prompt_tokens": 323011.3,
    "uncached_tokens": 224742,
    "output_tokens": 3412.7,
    "cache_weighted_input_10": 234568.9,
    "cache_weighted_input_25": 249309.3,
    "prompt_growth": 12213,
    "antipatterns": 0.7,
    "issues": 1,
    "grep_sweep_count": 0.3
  },
  "cards": [
    {
      "session": "sess_53584_1782931037970_1782931039544_7989214385680c16983cc91f68ec2dc2",
      "provider": "grok-oauth",
      "model": "grok-composer-2.5-fast",
      "wall_ms": 53410,
      "turns": 13,
      "tool_calls": 30,
      "tools_per_turn": 2.3,
      "total_tool_ms": 1948,
      "llm_stream_ms": 0,
      "cache_ratio": 0.32854434098000795,
      "cached_tokens": 93393,
      "prompt_tokens": 284263,
      "uncached_tokens": 190870,
      "output_tokens": 3191,
      "cache_weighted_input_10": 200209.3,
      "cache_weighted_input_25": 214218.25,
      "prompt_growth": 12476,
      "antipatterns": 0,
      "issues": 0,
      "issue_types": [],
      "read_fragmentation_paths": [],
      "grep_sweep_count": 0
    },
    {
      "session": "sess_16912_1782931093535_1782931094945_0123cccb4e27c74bc5bc932ce1759281",
      "provider": "grok-oauth",
      "model": "grok-composer-2.5-fast",
      "wall_ms": 68764,
      "turns": 18,
      "tool_calls": 45,
      "tools_per_turn": 2.5,
      "total_tool_ms": 2983,
      "llm_stream_ms": 0,
      "cache_ratio": 0.2623164556675502,
      "cached_tokens": 115888,
      "prompt_tokens": 441787,
      "uncached_tokens": 325899,
      "output_tokens": 3994,
      "cache_weighted_input_10": 337487.8,
      "cache_weighted_input_25": 354871,
      "prompt_growth": 12018,
      "antipatterns": 2,
      "issues": 3,
      "issue_types": [
        "tool_error",
        "read_fragmentation",
        "grep_sweep"
      ],
      "read_fragmentation_paths": [
        "C:\\Project\\mixdog\\src\\runtime\\agent\\orchestrator\\agent-trace.mjs"
      ],
      "grep_sweep_count": 1
    },
    {
      "session": "sess_44024_1782931164496_1782931165826_52a3ff6778d934b6fda04e682d6b946b",
      "provider": "grok-oauth",
      "model": "grok-composer-2.5-fast",
      "wall_ms": 52737,
      "turns": 13,
      "tool_calls": 29,
      "tools_per_turn": 2.2,
      "total_tool_ms": 1956,
      "llm_stream_ms": 0,
      "cache_ratio": 0.3519861390050374,
      "cached_tokens": 85527,
      "prompt_tokens": 242984,
      "uncached_tokens": 157457,
      "output_tokens": 3053,
      "cache_weighted_input_10": 166009.7,
      "cache_weighted_input_25": 178838.75,
      "prompt_growth": 12145,
      "antipatterns": 0,
      "issues": 0,
      "issue_types": [],
      "read_fragmentation_paths": [],
      "grep_sweep_count": 0
    }
  ]
}