{
  "round": "cwc20-p2",
  "runner": "mixdog",
  "opts": {
    "provider": null,
    "model": null,
    "effort": null,
    "fast": false,
    "env": {}
  },
  "tasks": 3,
  "completed": 3,
  "completion_rate": 100,
  "sessions": [
    "sess_47376_1782931037652_1782931039253_d83a40bfb235a0e3c5a097ea07f24e46",
    "sess_12668_1782931082407_1782931083765_d550600e32c30654f3a053f884b76e9c",
    "sess_13984_1782931151733_1782931153091_5b0d8356b4d878714c409489cbec4368"
  ],
  "results": [
    {
      "id": "cwc-hookflow",
      "agent": "worker",
      "ok": true,
      "ms": 44560,
      "sessionId": "sess_47376_1782931037652_1782931039253_d83a40bfb235a0e3c5a097ea07f24e46",
      "card": {
        "session": "sess_47376_1782931037652_1782931039253_d83a40bfb235a0e3c5a097ea07f24e46",
        "provider": "grok-oauth",
        "model": "grok-composer-2.5-fast",
        "wall_ms": 42204,
        "turns": 12,
        "tool_calls": 31,
        "tools_per_turn": 2.6,
        "total_tool_ms": 1832,
        "llm_stream_ms": 0,
        "cache_ratio": 0.4386015616116439,
        "cached_tokens": 92573,
        "prompt_tokens": 211064,
        "uncached_tokens": 118491,
        "output_tokens": 2657,
        "cache_weighted_input_10": 127748.3,
        "cache_weighted_input_25": 141634.25,
        "prompt_growth": -5087,
        "antipatterns": 1,
        "issues": 1,
        "issue_types": [
          "read_fragmentation"
        ],
        "read_fragmentation_paths": [
          "src/standalone/hook-bus.mjs"
        ],
        "grep_sweep_count": 0
      }
    },
    {
      "id": "cwc-cacheusage",
      "agent": "worker",
      "ok": true,
      "ms": 69118,
      "sessionId": "sess_12668_1782931082407_1782931083765_d550600e32c30654f3a053f884b76e9c",
      "card": {
        "session": "sess_12668_1782931082407_1782931083765_d550600e32c30654f3a053f884b76e9c",
        "provider": "grok-oauth",
        "model": "grok-composer-2.5-fast",
        "wall_ms": 67171,
        "turns": 16,
        "tool_calls": 34,
        "tools_per_turn": 2.1,
        "total_tool_ms": 1961,
        "llm_stream_ms": 0,
        "cache_ratio": 0.42210989267609195,
        "cached_tokens": 173526,
        "prompt_tokens": 411092,
        "uncached_tokens": 237566,
        "output_tokens": 3466,
        "cache_weighted_input_10": 254918.6,
        "cache_weighted_input_25": 280947.5,
        "prompt_growth": 24946,
        "antipatterns": 2,
        "issues": 2,
        "issue_types": [
          "read_fragmentation",
          "grep_sweep"
        ],
        "read_fragmentation_paths": [
          "C:\\Project\\mixdog\\src\\runtime\\agent\\orchestrator\\agent-trace.mjs"
        ],
        "grep_sweep_count": 1
      }
    },
    {
      "id": "cwc-compacttrigger",
      "agent": "worker",
      "ok": true,
      "ms": 67201,
      "sessionId": "sess_13984_1782931151733_1782931153091_5b0d8356b4d878714c409489cbec4368",
      "card": {
        "session": "sess_13984_1782931151733_1782931153091_5b0d8356b4d878714c409489cbec4368",
        "provider": "grok-oauth",
        "model": "grok-composer-2.5-fast",
        "wall_ms": 65209,
        "turns": 16,
        "tool_calls": 39,
        "tools_per_turn": 2.4,
        "total_tool_ms": 2230,
        "llm_stream_ms": 0,
        "cache_ratio": 0.306179629650501,
        "cached_tokens": 135832,
        "prompt_tokens": 443635,
        "uncached_tokens": 307803,
        "output_tokens": 3608,
        "cache_weighted_input_10": 321386.2,
        "cache_weighted_input_25": 341761,
        "prompt_growth": 25111,
        "antipatterns": 1,
        "issues": 2,
        "issue_types": [
          "tool_error",
          "grep_sweep"
        ],
        "read_fragmentation_paths": [],
        "grep_sweep_count": 1
      }
    }
  ],
  "task_complete": true,
  "task_errors": [],
  "score_complete": true,
  "score_errors": [],
  "group": {
    "n": 3,
    "wall_ms": 58194.7,
    "turns": 14.7,
    "tool_calls": 34.7,
    "tools_per_turn": 2.4,
    "total_tool_ms": 2007.7,
    "llm_stream_ms": 0,
    "cache_ratio": 0.4,
    "cached_tokens": 133977,
    "prompt_tokens": 355263.7,
    "uncached_tokens": 221286.7,
    "output_tokens": 3243.7,
    "cache_weighted_input_10": 234684.4,
    "cache_weighted_input_25": 254780.9,
    "prompt_growth": 14990,
    "antipatterns": 1.3,
    "issues": 1.7,
    "grep_sweep_count": 0.7
  },
  "cards": [
    {
      "session": "sess_47376_1782931037652_1782931039253_d83a40bfb235a0e3c5a097ea07f24e46",
      "provider": "grok-oauth",
      "model": "grok-composer-2.5-fast",
      "wall_ms": 42204,
      "turns": 12,
      "tool_calls": 31,
      "tools_per_turn": 2.6,
      "total_tool_ms": 1832,
      "llm_stream_ms": 0,
      "cache_ratio": 0.4386015616116439,
      "cached_tokens": 92573,
      "prompt_tokens": 211064,
      "uncached_tokens": 118491,
      "output_tokens": 2657,
      "cache_weighted_input_10": 127748.3,
      "cache_weighted_input_25": 141634.25,
      "prompt_growth": -5087,
      "antipatterns": 1,
      "issues": 1,
      "issue_types": [
        "read_fragmentation"
      ],
      "read_fragmentation_paths": [
        "src/standalone/hook-bus.mjs"
      ],
      "grep_sweep_count": 0
    },
    {
      "session": "sess_12668_1782931082407_1782931083765_d550600e32c30654f3a053f884b76e9c",
      "provider": "grok-oauth",
      "model": "grok-composer-2.5-fast",
      "wall_ms": 67171,
      "turns": 16,
      "tool_calls": 34,
      "tools_per_turn": 2.1,
      "total_tool_ms": 1961,
      "llm_stream_ms": 0,
      "cache_ratio": 0.42210989267609195,
      "cached_tokens": 173526,
      "prompt_tokens": 411092,
      "uncached_tokens": 237566,
      "output_tokens": 3466,
      "cache_weighted_input_10": 254918.6,
      "cache_weighted_input_25": 280947.5,
      "prompt_growth": 24946,
      "antipatterns": 2,
      "issues": 2,
      "issue_types": [
        "read_fragmentation",
        "grep_sweep"
      ],
      "read_fragmentation_paths": [
        "C:\\Project\\mixdog\\src\\runtime\\agent\\orchestrator\\agent-trace.mjs"
      ],
      "grep_sweep_count": 1
    },
    {
      "session": "sess_13984_1782931151733_1782931153091_5b0d8356b4d878714c409489cbec4368",
      "provider": "grok-oauth",
      "model": "grok-composer-2.5-fast",
      "wall_ms": 65209,
      "turns": 16,
      "tool_calls": 39,
      "tools_per_turn": 2.4,
      "total_tool_ms": 2230,
      "llm_stream_ms": 0,
      "cache_ratio": 0.306179629650501,
      "cached_tokens": 135832,
      "prompt_tokens": 443635,
      "uncached_tokens": 307803,
      "output_tokens": 3608,
      "cache_weighted_input_10": 321386.2,
      "cache_weighted_input_25": 341761,
      "prompt_growth": 25111,
      "antipatterns": 1,
      "issues": 2,
      "issue_types": [
        "tool_error",
        "grep_sweep"
      ],
      "read_fragmentation_paths": [],
      "grep_sweep_count": 1
    }
  ]
}