{
  "round": "cwc7-p5",
  "runner": "mixdog",
  "opts": {
    "provider": null,
    "model": null,
    "effort": null,
    "fast": false,
    "env": {}
  },
  "tasks": 3,
  "completed": 3,
  "completion_rate": 100,
  "sessions": [
    "sess_19500_1782923478781_1782923480382_6713670331c2828d11bd50120929c5ae",
    "sess_33532_1782923523617_1782923525036_5265a1df69cafb0da190c6ee59c26c6b",
    "sess_45576_1782923590082_1782923591608_6868ef66b6fa8ba112a3d92aa6c14ddc"
  ],
  "results": [
    {
      "id": "cwc-hookflow",
      "agent": "worker",
      "ok": true,
      "ms": 44844,
      "sessionId": "sess_19500_1782923478781_1782923480382_6713670331c2828d11bd50120929c5ae"
    },
    {
      "id": "cwc-cacheusage",
      "agent": "worker",
      "ok": true,
      "ms": 66542,
      "sessionId": "sess_33532_1782923523617_1782923525036_5265a1df69cafb0da190c6ee59c26c6b"
    },
    {
      "id": "cwc-compacttrigger",
      "agent": "worker",
      "ok": true,
      "ms": 55704,
      "sessionId": "sess_45576_1782923590082_1782923591608_6868ef66b6fa8ba112a3d92aa6c14ddc"
    }
  ],
  "group": {
    "n": 3,
    "wall_ms": 53648.3,
    "turns": 14.7,
    "tool_calls": 37.7,
    "tools_per_turn": 2.6,
    "total_tool_ms": 2387.7,
    "llm_stream_ms": 0,
    "cache_ratio": 0.5,
    "cached_tokens": 146952.7,
    "prompt_tokens": 305443,
    "prompt_growth": 12488,
    "antipatterns": 0.7,
    "issues": 1
  },
  "cards": [
    {
      "session": "sess_19500_1782923478781_1782923480382_6713670331c2828d11bd50120929c5ae",
      "wall_ms": 42830,
      "turns": 13,
      "tool_calls": 34,
      "tools_per_turn": 2.6,
      "total_tool_ms": 2676,
      "llm_stream_ms": 0,
      "cache_ratio": 0.24972292346530386,
      "cached_tokens": 64892,
      "prompt_tokens": 259856,
      "prompt_growth": 10134,
      "antipatterns": 1,
      "issues": 2,
      "issue_types": [
        "cache",
        "read_fragmentation"
      ],
      "read_fragmentation_paths": [
        "C:\\Project\\mixdog\\src\\standalone\\hook-bus.mjs"
      ]
    },
    {
      "session": "sess_33532_1782923523617_1782923525036_5265a1df69cafb0da190c6ee59c26c6b",
      "wall_ms": 64318,
      "turns": 18,
      "tool_calls": 45,
      "tools_per_turn": 2.5,
      "total_tool_ms": 2569,
      "llm_stream_ms": 0,
      "cache_ratio": 0.5557163947312921,
      "cached_tokens": 231876,
      "prompt_tokens": 417256,
      "prompt_growth": 19985,
      "antipatterns": 0,
      "issues": 0,
      "issue_types": [],
      "read_fragmentation_paths": []
    },
    {
      "session": "sess_45576_1782923590082_1782923591608_6868ef66b6fa8ba112a3d92aa6c14ddc",
      "wall_ms": 53797,
      "turns": 13,
      "tool_calls": 34,
      "tools_per_turn": 2.6,
      "total_tool_ms": 1918,
      "llm_stream_ms": 0,
      "cache_ratio": 0.6023401346894243,
      "cached_tokens": 144090,
      "prompt_tokens": 239217,
      "prompt_growth": 7345,
      "antipatterns": 1,
      "issues": 1,
      "issue_types": [
        "read_fragmentation"
      ],
      "read_fragmentation_paths": [
        "C:\\Project\\mixdog\\src\\runtime\\agent\\orchestrator\\session\\context-utils.mjs"
      ]
    }
  ]
}