{
  "round": "cwc17-p5",
  "runner": "mixdog",
  "opts": {
    "provider": null,
    "model": null,
    "effort": null,
    "fast": false,
    "env": {}
  },
  "tasks": 3,
  "completed": 3,
  "completion_rate": 100,
  "sessions": [
    "sess_55204_1782929266211_1782929267751_baae3b25d2660e577a323677099538c6",
    "sess_54812_1782929307387_1782929308830_e86150416dceac9570eb6ac537716ab3",
    "sess_50768_1782929358203_1782929359620_daed8ccc9d78bfd8f329fda1b51e6a80"
  ],
  "results": [
    {
      "id": "cwc-hookflow",
      "agent": "worker",
      "ok": true,
      "ms": 40973,
      "sessionId": "sess_55204_1782929266211_1782929267751_baae3b25d2660e577a323677099538c6",
      "card": {
        "session": "sess_55204_1782929266211_1782929267751_baae3b25d2660e577a323677099538c6",
        "provider": "grok-oauth",
        "model": "grok-composer-2.5-fast",
        "wall_ms": 38682,
        "turns": 12,
        "tool_calls": 31,
        "tools_per_turn": 2.6,
        "total_tool_ms": 1535,
        "llm_stream_ms": 0,
        "cache_ratio": 0.6267725863210342,
        "cached_tokens": 107934,
        "prompt_tokens": 172206,
        "uncached_tokens": 64272,
        "output_tokens": 2752,
        "cache_weighted_input_10": 75065.4,
        "cache_weighted_input_25": 91255.5,
        "prompt_growth": 4562,
        "antipatterns": 0,
        "issues": 1,
        "issue_types": [
          "tool_error"
        ],
        "read_fragmentation_paths": [],
        "grep_sweep_count": 0
      }
    },
    {
      "id": "cwc-cacheusage",
      "agent": "worker",
      "ok": true,
      "ms": 50592,
      "sessionId": "sess_54812_1782929307387_1782929308830_e86150416dceac9570eb6ac537716ab3",
      "card": {
        "session": "sess_54812_1782929307387_1782929308830_e86150416dceac9570eb6ac537716ab3",
        "provider": "grok-oauth",
        "model": "grok-composer-2.5-fast",
        "wall_ms": 48759,
        "turns": 12,
        "tool_calls": 36,
        "tools_per_turn": 3,
        "total_tool_ms": 1682,
        "llm_stream_ms": 0,
        "cache_ratio": 0.4578172633045902,
        "cached_tokens": 105124,
        "prompt_tokens": 229620,
        "uncached_tokens": 124496,
        "output_tokens": 3585,
        "cache_weighted_input_10": 135008.4,
        "cache_weighted_input_25": 150777,
        "prompt_growth": 19941,
        "antipatterns": 2,
        "issues": 2,
        "issue_types": [
          "read_fragmentation"
        ],
        "read_fragmentation_paths": [
          "C:\\Project\\mixdog\\src\\runtime\\agent\\orchestrator\\providers\\openai-oauth.mjs",
          "C:\\Project\\mixdog\\src\\runtime\\agent\\orchestrator\\agent-trace.mjs"
        ],
        "grep_sweep_count": 0
      }
    },
    {
      "id": "cwc-compacttrigger",
      "agent": "worker",
      "ok": true,
      "ms": 59834,
      "sessionId": "sess_50768_1782929358203_1782929359620_daed8ccc9d78bfd8f329fda1b51e6a80",
      "card": {
        "session": "sess_50768_1782929358203_1782929359620_daed8ccc9d78bfd8f329fda1b51e6a80",
        "provider": "grok-oauth",
        "model": "grok-composer-2.5-fast",
        "wall_ms": 57695,
        "turns": 13,
        "tool_calls": 31,
        "tools_per_turn": 2.4,
        "total_tool_ms": 1947,
        "llm_stream_ms": 0,
        "cache_ratio": 0.5907122034295943,
        "cached_tokens": 135966,
        "prompt_tokens": 230173,
        "uncached_tokens": 94207,
        "output_tokens": 3598,
        "cache_weighted_input_10": 107803.6,
        "cache_weighted_input_25": 128198.5,
        "prompt_growth": 16584,
        "antipatterns": 1,
        "issues": 1,
        "issue_types": [
          "read_fragmentation"
        ],
        "read_fragmentation_paths": [
          "C:\\Project\\mixdog\\src\\runtime\\agent\\orchestrator\\session\\context-utils.mjs"
        ],
        "grep_sweep_count": 0
      }
    }
  ],
  "task_complete": true,
  "task_errors": [],
  "score_complete": true,
  "score_errors": [],
  "group": {
    "n": 3,
    "wall_ms": 48378.7,
    "turns": 12.3,
    "tool_calls": 32.7,
    "tools_per_turn": 2.7,
    "total_tool_ms": 1721.3,
    "llm_stream_ms": 0,
    "cache_ratio": 0.6,
    "cached_tokens": 116341.3,
    "prompt_tokens": 210666.3,
    "uncached_tokens": 94325,
    "output_tokens": 3311.7,
    "cache_weighted_input_10": 105959.1,
    "cache_weighted_input_25": 123410.3,
    "prompt_growth": 13695.7,
    "antipatterns": 1,
    "issues": 1.3,
    "grep_sweep_count": 0
  },
  "cards": [
    {
      "session": "sess_55204_1782929266211_1782929267751_baae3b25d2660e577a323677099538c6",
      "provider": "grok-oauth",
      "model": "grok-composer-2.5-fast",
      "wall_ms": 38682,
      "turns": 12,
      "tool_calls": 31,
      "tools_per_turn": 2.6,
      "total_tool_ms": 1535,
      "llm_stream_ms": 0,
      "cache_ratio": 0.6267725863210342,
      "cached_tokens": 107934,
      "prompt_tokens": 172206,
      "uncached_tokens": 64272,
      "output_tokens": 2752,
      "cache_weighted_input_10": 75065.4,
      "cache_weighted_input_25": 91255.5,
      "prompt_growth": 4562,
      "antipatterns": 0,
      "issues": 1,
      "issue_types": [
        "tool_error"
      ],
      "read_fragmentation_paths": [],
      "grep_sweep_count": 0
    },
    {
      "session": "sess_54812_1782929307387_1782929308830_e86150416dceac9570eb6ac537716ab3",
      "provider": "grok-oauth",
      "model": "grok-composer-2.5-fast",
      "wall_ms": 48759,
      "turns": 12,
      "tool_calls": 36,
      "tools_per_turn": 3,
      "total_tool_ms": 1682,
      "llm_stream_ms": 0,
      "cache_ratio": 0.4578172633045902,
      "cached_tokens": 105124,
      "prompt_tokens": 229620,
      "uncached_tokens": 124496,
      "output_tokens": 3585,
      "cache_weighted_input_10": 135008.4,
      "cache_weighted_input_25": 150777,
      "prompt_growth": 19941,
      "antipatterns": 2,
      "issues": 2,
      "issue_types": [
        "read_fragmentation"
      ],
      "read_fragmentation_paths": [
        "C:\\Project\\mixdog\\src\\runtime\\agent\\orchestrator\\providers\\openai-oauth.mjs",
        "C:\\Project\\mixdog\\src\\runtime\\agent\\orchestrator\\agent-trace.mjs"
      ],
      "grep_sweep_count": 0
    },
    {
      "session": "sess_50768_1782929358203_1782929359620_daed8ccc9d78bfd8f329fda1b51e6a80",
      "provider": "grok-oauth",
      "model": "grok-composer-2.5-fast",
      "wall_ms": 57695,
      "turns": 13,
      "tool_calls": 31,
      "tools_per_turn": 2.4,
      "total_tool_ms": 1947,
      "llm_stream_ms": 0,
      "cache_ratio": 0.5907122034295943,
      "cached_tokens": 135966,
      "prompt_tokens": 230173,
      "uncached_tokens": 94207,
      "output_tokens": 3598,
      "cache_weighted_input_10": 107803.6,
      "cache_weighted_input_25": 128198.5,
      "prompt_growth": 16584,
      "antipatterns": 1,
      "issues": 1,
      "issue_types": [
        "read_fragmentation"
      ],
      "read_fragmentation_paths": [
        "C:\\Project\\mixdog\\src\\runtime\\agent\\orchestrator\\session\\context-utils.mjs"
      ],
      "grep_sweep_count": 0
    }
  ]
}