{
  "round": "cwc6",
  "runner": "mixdog",
  "opts": {
    "provider": null,
    "model": null,
    "effort": null,
    "fast": false,
    "env": {}
  },
  "tasks": 3,
  "completed": 3,
  "completion_rate": 100,
  "sessions": [
    "sess_53088_1782957550535_1782957551889_4cd63891a7602c0bf996a8825bc90929",
    "sess_43952_1782957583772_1782957585150_4d2b5b9a779e62a214dd4f7b305c7902",
    "sess_18576_1782957648847_1782957650198_ccf130f208ecb11ddf737b67e5a74ec6"
  ],
  "results": [
    {
      "id": "cwc-hookflow",
      "agent": "worker",
      "ok": true,
      "ms": 33070,
      "sessionId": "sess_53088_1782957550535_1782957551889_4cd63891a7602c0bf996a8825bc90929",
      "card": {
        "session": "sess_53088_1782957550535_1782957551889_4cd63891a7602c0bf996a8825bc90929",
        "provider": "anthropic-oauth",
        "model": "claude-sonnet-5",
        "wall_ms": 31209,
        "turns": 8,
        "tool_calls": 7,
        "tools_per_turn": 0.9,
        "total_tool_ms": 665,
        "llm_stream_ms": 18121,
        "cache_ratio": 0.8141182672330926,
        "cached_tokens": 52509,
        "prompt_tokens": 64498,
        "uncached_tokens": 11989,
        "output_tokens": 2027,
        "cache_weighted_input_10": 17239.9,
        "cache_weighted_input_25": 25116.25,
        "prompt_growth": -2292,
        "antipatterns": 1,
        "issues": 2,
        "issue_types": [
          "missed_parallelism",
          "tool_churn_cluster"
        ],
        "read_fragmentation_paths": [],
        "grep_sweep_count": 0
      }
    },
    {
      "id": "cwc-cacheusage",
      "agent": "worker",
      "ok": true,
      "ms": 64895,
      "sessionId": "sess_43952_1782957583772_1782957585150_4d2b5b9a779e62a214dd4f7b305c7902",
      "card": {
        "session": "sess_43952_1782957583772_1782957585150_4d2b5b9a779e62a214dd4f7b305c7902",
        "provider": "anthropic-oauth",
        "model": "claude-sonnet-5",
        "wall_ms": 62797,
        "turns": 16,
        "tool_calls": 21,
        "tools_per_turn": 1.3,
        "total_tool_ms": 1828,
        "llm_stream_ms": 35244,
        "cache_ratio": 0.9023983499001602,
        "cached_tokens": 164500,
        "prompt_tokens": 182292,
        "uncached_tokens": 17792,
        "output_tokens": 4777,
        "cache_weighted_input_10": 34242,
        "cache_weighted_input_25": 58917,
        "prompt_growth": -6982,
        "antipatterns": 1,
        "issues": 2,
        "issue_types": [
          "missed_parallelism",
          "tool_churn_cluster"
        ],
        "read_fragmentation_paths": [],
        "grep_sweep_count": 0
      }
    },
    {
      "id": "cwc-compacttrigger",
      "agent": "worker",
      "ok": true,
      "ms": 45662,
      "sessionId": "sess_18576_1782957648847_1782957650198_ccf130f208ecb11ddf737b67e5a74ec6",
      "card": {
        "session": "sess_18576_1782957648847_1782957650198_ccf130f208ecb11ddf737b67e5a74ec6",
        "provider": "anthropic-oauth",
        "model": "claude-sonnet-5",
        "wall_ms": 43907,
        "turns": 11,
        "tool_calls": 10,
        "tools_per_turn": 0.9,
        "total_tool_ms": 748,
        "llm_stream_ms": 22815,
        "cache_ratio": 0.8781569728785639,
        "cached_tokens": 88491,
        "prompt_tokens": 100769,
        "uncached_tokens": 12278,
        "output_tokens": 2805,
        "cache_weighted_input_10": 21127.1,
        "cache_weighted_input_25": 34400.75,
        "prompt_growth": -4815,
        "antipatterns": 1,
        "issues": 2,
        "issue_types": [
          "missed_parallelism",
          "tool_churn_cluster"
        ],
        "read_fragmentation_paths": [],
        "grep_sweep_count": 0
      }
    }
  ],
  "task_complete": true,
  "task_errors": [],
  "score_complete": true,
  "score_errors": [],
  "group": {
    "n": 3,
    "wall_ms": 45971,
    "turns": 11.7,
    "tool_calls": 12.7,
    "tools_per_turn": 1,
    "total_tool_ms": 1080.3,
    "llm_stream_ms": 25393.3,
    "cache_ratio": 0.9,
    "cached_tokens": 101833.3,
    "prompt_tokens": 115853,
    "uncached_tokens": 14019.7,
    "output_tokens": 3203,
    "cache_weighted_input_10": 24203,
    "cache_weighted_input_25": 39478,
    "prompt_growth": -4696.3,
    "antipatterns": 1,
    "issues": 2,
    "grep_sweep_count": 0
  },
  "cards": [
    {
      "session": "sess_53088_1782957550535_1782957551889_4cd63891a7602c0bf996a8825bc90929",
      "provider": "anthropic-oauth",
      "model": "claude-sonnet-5",
      "wall_ms": 31209,
      "turns": 8,
      "tool_calls": 7,
      "tools_per_turn": 0.9,
      "total_tool_ms": 665,
      "llm_stream_ms": 18121,
      "cache_ratio": 0.8141182672330926,
      "cached_tokens": 52509,
      "prompt_tokens": 64498,
      "uncached_tokens": 11989,
      "output_tokens": 2027,
      "cache_weighted_input_10": 17239.9,
      "cache_weighted_input_25": 25116.25,
      "prompt_growth": -2292,
      "antipatterns": 1,
      "issues": 2,
      "issue_types": [
        "missed_parallelism",
        "tool_churn_cluster"
      ],
      "read_fragmentation_paths": [],
      "grep_sweep_count": 0
    },
    {
      "session": "sess_43952_1782957583772_1782957585150_4d2b5b9a779e62a214dd4f7b305c7902",
      "provider": "anthropic-oauth",
      "model": "claude-sonnet-5",
      "wall_ms": 62797,
      "turns": 16,
      "tool_calls": 21,
      "tools_per_turn": 1.3,
      "total_tool_ms": 1828,
      "llm_stream_ms": 35244,
      "cache_ratio": 0.9023983499001602,
      "cached_tokens": 164500,
      "prompt_tokens": 182292,
      "uncached_tokens": 17792,
      "output_tokens": 4777,
      "cache_weighted_input_10": 34242,
      "cache_weighted_input_25": 58917,
      "prompt_growth": -6982,
      "antipatterns": 1,
      "issues": 2,
      "issue_types": [
        "missed_parallelism",
        "tool_churn_cluster"
      ],
      "read_fragmentation_paths": [],
      "grep_sweep_count": 0
    },
    {
      "session": "sess_18576_1782957648847_1782957650198_ccf130f208ecb11ddf737b67e5a74ec6",
      "provider": "anthropic-oauth",
      "model": "claude-sonnet-5",
      "wall_ms": 43907,
      "turns": 11,
      "tool_calls": 10,
      "tools_per_turn": 0.9,
      "total_tool_ms": 748,
      "llm_stream_ms": 22815,
      "cache_ratio": 0.8781569728785639,
      "cached_tokens": 88491,
      "prompt_tokens": 100769,
      "uncached_tokens": 12278,
      "output_tokens": 2805,
      "cache_weighted_input_10": 21127.1,
      "cache_weighted_input_25": 34400.75,
      "prompt_growth": -4815,
      "antipatterns": 1,
      "issues": 2,
      "issue_types": [
        "missed_parallelism",
        "tool_churn_cluster"
      ],
      "read_fragmentation_paths": [],
      "grep_sweep_count": 0
    }
  ]
}