{
  "round": "cwc7-p2",
  "runner": "mixdog",
  "opts": {
    "provider": null,
    "model": null,
    "effort": null,
    "fast": false,
    "env": {}
  },
  "tasks": 3,
  "completed": 3,
  "completion_rate": 100,
  "sessions": [
    "sess_39032_1782923478267_1782923479785_bc67c5f36c0e850a71d2cbb687349a24",
    "sess_45740_1782923517748_1782923519102_29f499ca50b09a15d9e32d5a08da920a",
    "sess_50120_1782923600586_1782923602065_c0b819cb2d7186bae2a2e3edb33a95a3"
  ],
  "results": [
    {
      "id": "cwc-hookflow",
      "agent": "worker",
      "ok": true,
      "ms": 39483,
      "sessionId": "sess_39032_1782923478267_1782923479785_bc67c5f36c0e850a71d2cbb687349a24"
    },
    {
      "id": "cwc-cacheusage",
      "agent": "worker",
      "ok": true,
      "ms": 82943,
      "sessionId": "sess_45740_1782923517748_1782923519102_29f499ca50b09a15d9e32d5a08da920a"
    },
    {
      "id": "cwc-compacttrigger",
      "agent": "worker",
      "ok": true,
      "ms": 47456,
      "sessionId": "sess_50120_1782923600586_1782923602065_c0b819cb2d7186bae2a2e3edb33a95a3"
    }
  ],
  "group": {
    "n": 3,
    "wall_ms": 54614.3,
    "turns": 15,
    "tool_calls": 37.7,
    "tools_per_turn": 2.6,
    "total_tool_ms": 2258.7,
    "llm_stream_ms": 0,
    "cache_ratio": 0.5,
    "cached_tokens": 145054.3,
    "prompt_tokens": 291271.7,
    "prompt_growth": 10087.3,
    "antipatterns": 1.7,
    "issues": 2
  },
  "cards": [
    {
      "session": "sess_39032_1782923478267_1782923479785_bc67c5f36c0e850a71d2cbb687349a24",
      "wall_ms": 37511,
      "turns": 11,
      "tool_calls": 34,
      "tools_per_turn": 3.1,
      "total_tool_ms": 2309,
      "llm_stream_ms": 0,
      "cache_ratio": 0.29723930037297547,
      "cached_tokens": 52359,
      "prompt_tokens": 176151,
      "prompt_growth": -6941,
      "antipatterns": 1,
      "issues": 1,
      "issue_types": [
        "read_fragmentation"
      ],
      "read_fragmentation_paths": [
        "C:\\Project\\mixdog\\src\\standalone\\hook-bus.mjs"
      ]
    },
    {
      "session": "sess_45740_1782923517748_1782923519102_29f499ca50b09a15d9e32d5a08da920a",
      "wall_ms": 80816,
      "turns": 22,
      "tool_calls": 47,
      "tools_per_turn": 2.1,
      "total_tool_ms": 3179,
      "llm_stream_ms": 0,
      "cache_ratio": 0.46292761947735456,
      "cached_tokens": 227759,
      "prompt_tokens": 491997,
      "prompt_growth": 22670,
      "antipatterns": 3,
      "issues": 4,
      "issue_types": [
        "tool_error",
        "read_fragmentation",
        "tool_churn_cluster"
      ],
      "read_fragmentation_paths": [
        "C:\\Project\\mixdog\\src\\runtime\\agent\\orchestrator\\agent-trace.mjs",
        "C:\\Project\\mixdog\\src\\runtime\\memory\\lib\\trace-store.mjs"
      ]
    },
    {
      "session": "sess_50120_1782923600586_1782923602065_c0b819cb2d7186bae2a2e3edb33a95a3",
      "wall_ms": 45516,
      "turns": 12,
      "tool_calls": 32,
      "tools_per_turn": 2.7,
      "total_tool_ms": 1288,
      "llm_stream_ms": 0,
      "cache_ratio": 0.7538642562978017,
      "cached_tokens": 155045,
      "prompt_tokens": 205667,
      "prompt_growth": 14533,
      "antipatterns": 1,
      "issues": 1,
      "issue_types": [
        "read_fragmentation"
      ],
      "read_fragmentation_paths": [
        "C:\\Project\\mixdog\\src\\runtime\\agent\\orchestrator\\session\\context-utils.mjs"
      ]
    }
  ]
}