{
    "results": {
        "tool": {
            "name": "pytest",
            "version": "8.4.1"
        },
        "summary": {
            "tests": 2,
            "passed": 2,
            "failed": 0,
            "skipped": 0,
            "pending": 0,
            "other": 0,
            "start": 1783259009.9232688,
            "stop": 1783259009.9790332
        },
        "tests": [
            {
                "name": "test_outputs.py::test_output_file_exists",
                "status": "passed",
                "duration": 0.0004081400006725744,
                "start": 1783259009.9770246,
                "stop": 1783259009.9779022,
                "retries": 0,
                "file_path": "test_outputs.py"
            },
            {
                "name": "test_outputs.py::test_output_is_correct",
                "status": "passed",
                "duration": 0.000264030999460374,
                "start": 1783259009.9780698,
                "stop": 1783259009.9786818,
                "retries": 0,
                "file_path": "test_outputs.py"
            }
        ]
    }
}