{
    "results": {
        "tool": {
            "name": "pytest",
            "version": "8.4.1"
        },
        "summary": {
            "tests": 2,
            "passed": 2,
            "failed": 0,
            "skipped": 0,
            "pending": 0,
            "other": 0,
            "start": 1783255697.6418197,
            "stop": 1783255697.6598868
        },
        "tests": [
            {
                "name": "test_outputs.py::test_hello_file_exists",
                "status": "passed",
                "duration": 0.000429837000410771,
                "start": 1783255697.658327,
                "stop": 1783255697.6591654,
                "retries": 0,
                "file_path": "test_outputs.py"
            },
            {
                "name": "test_outputs.py::test_hello_file_content",
                "status": "passed",
                "duration": 0.00022033099958207458,
                "start": 1783255697.6592953,
                "stop": 1783255697.6596735,
                "retries": 0,
                "file_path": "test_outputs.py"
            }
        ]
    }
}