{
    "results": {
        "tool": {
            "name": "pytest",
            "version": "8.4.1"
        },
        "summary": {
            "tests": 2,
            "passed": 2,
            "failed": 0,
            "skipped": 0,
            "pending": 0,
            "other": 0,
            "start": 1783258516.0455587,
            "stop": 1783258516.0838008
        },
        "tests": [
            {
                "name": "test_outputs.py::test_solution_file",
                "status": "passed",
                "duration": 0.00028019399996992433,
                "start": 1783258516.082266,
                "stop": 1783258516.0828784,
                "retries": 0,
                "file_path": "test_outputs.py"
            },
            {
                "name": "test_outputs.py::test_solution_content",
                "status": "passed",
                "duration": 0.000199376000182383,
                "start": 1783258516.0829833,
                "stop": 1783258516.083417,
                "retries": 0,
                "file_path": "test_outputs.py"
            }
        ]
    }
}