{
    "results": {
        "tool": {
            "name": "pytest",
            "version": "8.4.1"
        },
        "summary": {
            "tests": 2,
            "passed": 2,
            "failed": 0,
            "skipped": 0,
            "pending": 0,
            "other": 0,
            "start": 1783259282.3189008,
            "stop": 1783259283.4107897
        },
        "tests": [
            {
                "name": "test_outputs.py::test_modernized_code_runs",
                "status": "passed",
                "duration": 1.0727872219995334,
                "start": 1783259282.3366225,
                "stop": 1783259283.4098585,
                "retries": 0,
                "file_path": "test_outputs.py"
            },
            {
                "name": "test_outputs.py::test_dependency_file_exists",
                "status": "passed",
                "duration": 0.00026948300046569784,
                "start": 1783259283.4100697,
                "stop": 1783259283.4105675,
                "retries": 0,
                "file_path": "test_outputs.py"
            }
        ]
    }
}