{
    "results": {
        "tool": {
            "name": "pytest",
            "version": "8.4.1"
        },
        "summary": {
            "tests": 1,
            "passed": 1,
            "failed": 0,
            "skipped": 0,
            "pending": 0,
            "other": 0,
            "start": 1783253720.7042568,
            "stop": 1783253720.7563884
        },
        "tests": [
            {
                "name": "test_outputs.py::test_primers",
                "status": "passed",
                "duration": 0.006424870000046212,
                "start": 1783253720.7492003,
                "stop": 1783253720.7560308,
                "retries": 0,
                "file_path": "test_outputs.py"
            }
        ]
    }
}