{
    "results": {
        "tool": {
            "name": "pytest",
            "version": "8.4.1"
        },
        "summary": {
            "tests": 2,
            "passed": 2,
            "failed": 0,
            "skipped": 0,
            "pending": 0,
            "other": 0,
            "start": 1783263757.4183602,
            "stop": 1783263757.4561064
        },
        "tests": [
            {
                "name": "test_outputs.py::test_recovery_file_exists",
                "status": "passed",
                "duration": 0.000313141999868094,
                "start": 1783263757.4548025,
                "stop": 1783263757.455445,
                "retries": 0,
                "file_path": "test_outputs.py"
            },
            {
                "name": "test_outputs.py::test_password_match",
                "status": "passed",
                "duration": 0.00019730799886019668,
                "start": 1783263757.455556,
                "stop": 1783263757.4559348,
                "retries": 0,
                "file_path": "test_outputs.py"
            }
        ]
    }
}