{
    "results": {
        "tool": {
            "name": "pytest",
            "version": "8.4.1"
        },
        "summary": {
            "tests": 1,
            "passed": 1,
            "failed": 0,
            "skipped": 0,
            "pending": 0,
            "other": 0,
            "start": 1783262056.9588547,
            "stop": 1783262057.007411
        },
        "tests": [
            {
                "name": "test_outputs.py::test_tests_output",
                "status": "passed",
                "duration": 0.0005770919997303281,
                "start": 1783262057.0054185,
                "stop": 1783262057.0067139,
                "retries": 0,
                "file_path": "test_outputs.py"
            }
        ]
    }
}