{
    "results": {
        "tool": {
            "name": "pytest",
            "version": "8.4.1"
        },
        "summary": {
            "tests": 1,
            "passed": 1,
            "failed": 0,
            "skipped": 0,
            "pending": 0,
            "other": 0,
            "start": 1783257711.1777625,
            "stop": 1783257711.216542
        },
        "tests": [
            {
                "name": "test_outputs.py::test_move_correct",
                "status": "passed",
                "duration": 0.00033399500011910277,
                "start": 1783257711.2157853,
                "stop": 1783257711.216354,
                "retries": 0,
                "file_path": "test_outputs.py"
            }
        ]
    }
}