{
    "results": {
        "tool": {
            "name": "pytest",
            "version": "8.4.1"
        },
        "summary": {
            "tests": 2,
            "passed": 2,
            "failed": 0,
            "skipped": 0,
            "pending": 0,
            "other": 0,
            "start": 1783259132.8494697,
            "stop": 1783259132.9042952
        },
        "tests": [
            {
                "name": "test_outputs.py::test_about_file",
                "status": "passed",
                "duration": 0.00043098300011479296,
                "start": 1783259132.902116,
                "stop": 1783259132.903051,
                "retries": 0,
                "file_path": "test_outputs.py"
            },
            {
                "name": "test_outputs.py::test_layout_file",
                "status": "passed",
                "duration": 0.00027280600033918745,
                "start": 1783259132.903196,
                "stop": 1783259132.903897,
                "retries": 0,
                "file_path": "test_outputs.py"
            }
        ]
    }
}