{
    "results": {
        "tool": {
            "name": "pytest",
            "version": "8.4.1"
        },
        "summary": {
            "tests": 1,
            "passed": 1,
            "failed": 0,
            "skipped": 0,
            "pending": 0,
            "other": 0,
            "start": 1783258892.9289718,
            "stop": 1783258892.94319
        },
        "tests": [
            {
                "name": "test_outputs.py::test_attack",
                "status": "passed",
                "duration": 0.000455632000011974,
                "start": 1783258892.9421012,
                "stop": 1783258892.9430928,
                "retries": 0,
                "file_path": "test_outputs.py"
            }
        ]
    }
}