{
    "results": {
        "tool": {
            "name": "pytest",
            "version": "8.4.1"
        },
        "summary": {
            "tests": 2,
            "passed": 2,
            "failed": 0,
            "skipped": 0,
            "pending": 0,
            "other": 0,
            "start": 1783247434.2114592,
            "stop": 1783247434.255769
        },
        "tests": [
            {
                "name": "test_outputs.py::test_summary_file_exists",
                "status": "passed",
                "duration": 0.0004425000079208985,
                "start": 1783247434.253533,
                "stop": 1783247434.2542648,
                "retries": 0,
                "file_path": "test_outputs.py"
            },
            {
                "name": "test_outputs.py::test_summary_structure_and_counts",
                "status": "passed",
                "duration": 0.0005232080147834495,
                "start": 1783247434.2546127,
                "stop": 1783247434.2554595,
                "retries": 0,
                "file_path": "test_outputs.py"
            }
        ]
    }
}