{
    "results": {
        "tool": {
            "name": "pytest",
            "version": "8.4.1"
        },
        "summary": {
            "tests": 2,
            "passed": 2,
            "failed": 0,
            "skipped": 0,
            "pending": 0,
            "other": 0,
            "start": 1783251983.6667218,
            "stop": 1783251983.703809
        },
        "tests": [
            {
                "name": "test_outputs.py::test_result_exists",
                "status": "passed",
                "duration": 0.00042888699999821256,
                "start": 1783251983.7021046,
                "stop": 1783251983.7029529,
                "retries": 0,
                "file_path": "test_outputs.py"
            },
            {
                "name": "test_outputs.py::test_data_matches",
                "status": "passed",
                "duration": 0.00022468900033345562,
                "start": 1783251983.7031183,
                "stop": 1783251983.7035484,
                "retries": 0,
                "file_path": "test_outputs.py"
            }
        ]
    }
}